Species,Treatment,Medium,Replicate,Timepoint,Isolate,Ratio
BD,Evo,KB,R1,TP1,1,1.0783031188797652
BD,Evo,KB,R1,TP1,2,0.9763884675068208
BD,Evo,KB,R1,TP1,3,1.0430570915611581
BD,Evo,KB,R1,TP1,4,0.999568287274914
BD,Evo,KB,R1,TP1,5,0.9770452798140047
BD,Evo,KB,R1,TP1,6,1.1186862013956176
BD,Evo,KB,R1,TP1,7,1.0508387949886528
BD,Evo,KB,R1,TP1,8,1.1100171488908679
BD,Evo,KB,R1,TP1,9,1.1577948070505102
BD,Evo,KB,R1,TP1,10,1.1255196592405552
BD,Evo,KB,R1,TP2,1,2.2024613062517875
BD,Evo,KB,R1,TP2,2,1.2910624591531252
BD,Evo,KB,R1,TP2,3,1.358013816982078
BD,Evo,KB,R1,TP2,4,1.304494488322551
BD,Evo,KB,R1,TP2,5,1.2581609472886375
BD,Evo,KB,R1,TP2,6,1.165185032943922
BD,Evo,KB,R1,TP2,7,1.3478919478508429
BD,Evo,KB,R1,TP2,8,1.2667604037873277
BD,Evo,KB,R1,TP2,9,1.0908173507192858
BD,Evo,KB,R1,TP2,10,1.2363034516356692
BD,Evo,KB,R2,TP1,1,1.3083483671580796
BD,Evo,KB,R2,TP1,2,1.2297570773157256
BD,Evo,KB,R2,TP1,3,1.0589162814418986
BD,Evo,KB,R2,TP1,4,1.1783734760921407
BD,Evo,KB,R2,TP1,5,1.0774636170566763
BD,Evo,KB,R2,TP1,6,1.2301877026032169
BD,Evo,KB,R2,TP1,7,1.0980248870967917
BD,Evo,KB,R2,TP1,8,1.1462288207935467
BD,Evo,KB,R2,TP1,9,1.0372371255544572
BD,Evo,KB,R2,TP1,10,0.9505118025039336
BD,Evo,KB,R2,TP2,1,0.9732696964852929
BD,Evo,KB,R2,TP2,2,0.9340044998167667
BD,Evo,KB,R2,TP2,3,0.930824832289937
BD,Evo,KB,R2,TP2,4,0.9774063090954367
BD,Evo,KB,R2,TP2,5,1.0537400784912454
BD,Evo,KB,R2,TP2,6,0.5562460784281742
BD,Evo,KB,R2,TP2,7,0.9183279994519313
BD,Evo,KB,R2,TP2,8,0.9269622539536513
BD,Evo,KB,R2,TP2,9,1.0756976184029239
BD,Evo,KB,R2,TP2,10,1.0348143145935214
BD,Evo,KB,R3,TP1,1,1.136202646170643
BD,Evo,KB,R3,TP1,2,1.1869816320915885
BD,Evo,KB,R3,TP1,3,0.9081756820680451
BD,Evo,KB,R3,TP1,4,1.1396172002179223
BD,Evo,KB,R3,TP1,5,1.2238153182984213
BD,Evo,KB,R3,TP1,6,1.12302725227356
BD,Evo,KB,R3,TP1,7,0.8387362670224762
BD,Evo,KB,R3,TP1,8,1.0628571552850012
BD,Evo,KB,R3,TP1,9,0.9916821898383307
BD,Evo,KB,R3,TP1,10,0.8475488612897226
BD,Evo,KB,R3,TP2,1,1.0029697920710574
BD,Evo,KB,R3,TP2,2,0.9469972041979441
BD,Evo,KB,R3,TP2,3,1.080482343819494
BD,Evo,KB,R3,TP2,4,1.0357843089279715
BD,Evo,KB,R3,TP2,5,0.8478750925681252
BD,Evo,KB,R3,TP2,6,0.9285586123426341
BD,Evo,KB,R3,TP2,7,0.9361706755053594
BD,Evo,KB,R3,TP2,8,0.9091369769017381
BD,Evo,KB,R3,TP2,9,0.915117883672451
BD,Evo,KB,R3,TP2,10,0.9631086796006494
BD,CoEvo,KB,R1,TP1,1,1.1046278081716585
BD,CoEvo,KB,R1,TP1,2,0.9151265831732083
BD,CoEvo,KB,R1,TP1,3,0.919250146532216
BD,CoEvo,KB,R1,TP1,4,0.9235433501559928
BD,CoEvo,KB,R1,TP1,5,0.9805990258734026
BD,CoEvo,KB,R1,TP1,6,0.9281018885528706
BD,CoEvo,KB,R1,TP1,7,0.9310031720554636
BD,CoEvo,KB,R1,TP1,8,0.8865965704393137
BD,CoEvo,KB,R1,TP1,9,1.0497644066451135
BD,CoEvo,KB,R1,TP1,10,0.9430432811037056
BD,CoEvo,KB,R1,TP2,1,0.562327029457597
BD,CoEvo,KB,R1,TP2,2,0.5504783094260178
BD,CoEvo,KB,R1,TP2,3,0.5718094852831633
BD,CoEvo,KB,R1,TP2,4,0.5514265550085744
BD,CoEvo,KB,R1,TP2,5,0.5772292742550236
BD,CoEvo,KB,R1,TP2,6,0.5566680042149081
BD,CoEvo,KB,R1,TP2,7,0.5460981107946667
BD,CoEvo,KB,R1,TP2,8,0.5657850810086636
BD,CoEvo,KB,R1,TP2,9,0.5505435556816983
BD,CoEvo,KB,R1,TP2,10,0.5447366389261337
BD,CoEvo,KB,R2,TP1,1,0.48985583839807395
BD,CoEvo,KB,R2,TP1,2,0.5018741986944223
BD,CoEvo,KB,R2,TP1,3,0.5166676997323817
BD,CoEvo,KB,R2,TP1,4,0.9712253138073039
BD,CoEvo,KB,R2,TP1,5,0.542135488199671
BD,CoEvo,KB,R2,TP1,6,0.515284479111955
BD,CoEvo,KB,R2,TP1,7,0.9992768539995412
BD,CoEvo,KB,R2,TP1,8,1.0290682943432585
BD,CoEvo,KB,R2,TP1,9,0.9129256094815857
BD,CoEvo,KB,R2,TP1,10,0.9096024001922589
BD,CoEvo,KB,R2,TP2,1,0.7399186379191663
BD,CoEvo,KB,R2,TP2,2,0.5356543601354078
BD,CoEvo,KB,R2,TP2,3,0.6226885154628189
BD,CoEvo,KB,R2,TP2,4,0.7190746341044354
BD,CoEvo,KB,R2,TP2,5,0.5406087258167472
BD,CoEvo,KB,R2,TP2,6,0.5912876674789826
BD,CoEvo,KB,R2,TP2,7,0.5735754839369156
BD,CoEvo,KB,R2,TP2,8,0.6441023365771597
BD,CoEvo,KB,R2,TP2,9,0.5921402185532079
BD,CoEvo,KB,R2,TP2,10,0.6080516054384929
BD,CoEvo,KB,R3,TP1,1,0.5607176218174779
BD,CoEvo,KB,R3,TP1,2,0.5455021949927849
BD,CoEvo,KB,R3,TP1,3,0.5151757353524875
BD,CoEvo,KB,R3,TP1,4,0.9573757086015225
BD,CoEvo,KB,R3,TP1,5,0.9509424277914251
BD,CoEvo,KB,R3,TP1,6,0.9471668444627134
BD,CoEvo,KB,R3,TP1,7,0.5413612326322623
BD,CoEvo,KB,R3,TP1,8,0.5393342489557881
BD,CoEvo,KB,R3,TP1,9,0.8973100056220523
BD,CoEvo,KB,R3,TP1,10,0.9108812268035967
BD,CoEvo,KB,R3,TP2,1,0.9048394235275823
BD,CoEvo,KB,R3,TP2,2,0.9083583715839507
BD,CoEvo,KB,R3,TP2,3,0.9075754165157847
BD,CoEvo,KB,R3,TP2,4,0.4609256486293393
BD,CoEvo,KB,R3,TP2,5,0.9712905600629845
BD,CoEvo,KB,R3,TP2,6,0.9686720103350068
BD,CoEvo,KB,R3,TP2,7,0.45063848898371345
BD,CoEvo,KB,R3,TP2,8,0.8965487993057798
BD,CoEvo,KB,R3,TP2,9,1.0005817791131513
BD,CoEvo,KB,R3,TP2,10,0.49644136047142595
BD,Evo,KCl,R1,TP1,1,1.2147177955200241
BD,Evo,KCl,R1,TP1,2,1.0394546444640533
BD,Evo,KCl,R1,TP1,3,1.0619643808464068
BD,Evo,KCl,R1,TP1,4,1.081766711908213
BD,Evo,KCl,R1,TP1,5,0.9809973693753714
BD,Evo,KCl,R1,TP1,6,1.1997443793580427
BD,Evo,KCl,R1,TP1,7,0.9975914487571571
BD,Evo,KCl,R1,TP1,8,1.2125773860781253
BD,Evo,KCl,R1,TP1,9,2.924886039734599
BD,Evo,KCl,R1,TP1,10,1.2592269719939473
BD,Evo,KCl,R1,TP2,1,1.1567330169968828
BD,Evo,KCl,R1,TP2,2,1.6603056816530766
BD,Evo,KCl,R1,TP2,3,1.6514888957400893
BD,Evo,KCl,R1,TP2,4,1.6068946698843685
BD,Evo,KCl,R1,TP2,5,1.4715055039943679
BD,Evo,KCl,R1,TP2,6,1.1643354867364308
BD,Evo,KCl,R1,TP2,7,1.3598876403167144
BD,Evo,KCl,R1,TP2,8,1.8830689124428426
BD,Evo,KCl,R1,TP2,9,1.1551690533649435
BD,Evo,KCl,R1,TP2,10,1.6360335330812568
BD,Evo,KCl,R2,TP1,1,3.2317631091219012
BD,Evo,KCl,R2,TP1,2,1.6020893798128206
BD,Evo,KCl,R2,TP1,3,1.0640197409065086
BD,Evo,KCl,R2,TP1,4,1.4092777063126725
BD,Evo,KCl,R2,TP1,5,1.223425907222937
BD,Evo,KCl,R2,TP1,6,2.543444287339337
BD,Evo,KCl,R2,TP1,7,1.2809618140088146
BD,Evo,KCl,R2,TP1,8,1.112219115557304
BD,Evo,KCl,R2,TP1,9,3.104888331342942
BD,Evo,KCl,R2,TP1,10,1.177329142288797
BD,Evo,KCl,R2,TP2,1,0.9309647080502784
BD,Evo,KCl,R2,TP2,2,0.9485037805631451
BD,Evo,KCl,R2,TP2,3,0.9809737445470946
BD,Evo,KCl,R2,TP2,4,1.2235912810208762
BD,Evo,KCl,R2,TP2,5,1.1140571271972566
BD,Evo,KCl,R2,TP2,6,0.5808731027786342
BD,Evo,KCl,R2,TP2,7,1.0781190384222397
BD,Evo,KCl,R2,TP2,8,0.9010604004172147
BD,Evo,KCl,R2,TP2,9,1.3422162687654966
BD,Evo,KCl,R2,TP2,10,1.4411050749674865
BD,Evo,KCl,R3,TP1,1,1.68840032744012
BD,Evo,KCl,R3,TP1,2,1.3760564727895135
BD,Evo,KCl,R3,TP1,3,0.8759046832678336
BD,Evo,KCl,R3,TP1,4,1.291711110874863
BD,Evo,KCl,R3,TP1,5,1.292467105379728
BD,Evo,KCl,R3,TP1,6,0.9764944771057696
BD,Evo,KCl,R3,TP1,7,0.6439466693126474
BD,Evo,KCl,R3,TP1,8,0.8129397909438947
BD,Evo,KCl,R3,TP1,9,1.1604421150363766
BD,Evo,KCl,R3,TP1,10,0.7858184880818648
BD,Evo,KCl,R3,TP2,1,1.5332324553165906
BD,Evo,KCl,R3,TP2,2,1.040791809744533
BD,Evo,KCl,R3,TP2,3,1.0171906062957805
BD,Evo,KCl,R3,TP2,4,1.3425139416017873
BD,Evo,KCl,R3,TP2,5,0.8483675834281281
BD,Evo,KCl,R3,TP2,6,0.9338327622031098
BD,Evo,KCl,R3,TP2,7,0.9932870050450823
BD,Evo,KCl,R3,TP2,8,0.9407501119226241
BD,Evo,KCl,R3,TP2,9,0.988803012638102
BD,Evo,KCl,R3,TP2,10,1.587947557606191
BD,CoEvo,KCl,R1,TP1,1,1.2406720318651683
BD,CoEvo,KCl,R1,TP1,2,0.8536878947561151
BD,CoEvo,KCl,R1,TP1,3,0.9412934829729959
BD,CoEvo,KCl,R1,TP1,4,1.0168740335968682
BD,CoEvo,KCl,R1,TP1,5,0.8932878319140719
BD,CoEvo,KCl,R1,TP1,6,0.9504032167566183
BD,CoEvo,KCl,R1,TP1,7,0.980572122466385
BD,CoEvo,KCl,R1,TP1,8,0.939422396573455
BD,CoEvo,KCl,R1,TP1,9,0.9366157669741441
BD,CoEvo,KCl,R1,TP1,10,0.955265206416031
BD,CoEvo,KCl,R1,TP2,1,0.6272533656520985
BD,CoEvo,KCl,R1,TP2,2,0.569741083694498
BD,CoEvo,KCl,R1,TP2,3,0.5924114689091353
BD,CoEvo,KCl,R1,TP2,4,0.5597383314020037
BD,CoEvo,KCl,R1,TP2,5,0.5588264130305104
BD,CoEvo,KCl,R1,TP2,6,0.5547109679446518
BD,CoEvo,KCl,R1,TP2,7,0.5403281724895963
BD,CoEvo,KCl,R1,TP2,8,0.5553913629990302
BD,CoEvo,KCl,R1,TP2,9,0.6024472959612176
BD,CoEvo,KCl,R1,TP2,10,0.549882053044827
BD,CoEvo,KCl,R2,TP1,1,0.6651286903458321
BD,CoEvo,KCl,R2,TP1,2,0.5970230353888116
BD,CoEvo,KCl,R2,TP1,3,0.6302820686372138
BD,CoEvo,KCl,R2,TP1,4,1.007126429449766
BD,CoEvo,KCl,R2,TP1,5,0.6193059734197058
BD,CoEvo,KCl,R2,TP1,6,0.473110811075792
BD,CoEvo,KCl,R2,TP1,7,0.898305745440113
BD,CoEvo,KCl,R2,TP1,8,1.115460441996912
BD,CoEvo,KCl,R2,TP1,9,1.0392278461125937
BD,CoEvo,KCl,R2,TP1,10,1.056379471441717
BD,CoEvo,KCl,R2,TP2,1,0.7888755408609125
BD,CoEvo,KCl,R2,TP2,2,0.5422748583396235
BD,CoEvo,KCl,R2,TP2,3,0.675499989959448
BD,CoEvo,KCl,R2,TP2,4,0.7248806060240951
BD,CoEvo,KCl,R2,TP2,5,0.5450058884884481
BD,CoEvo,KCl,R2,TP2,6,0.5806415794615193
BD,CoEvo,KCl,R2,TP2,7,0.5781562475267759
BD,CoEvo,KCl,R2,TP2,8,0.7092078949451137
BD,CoEvo,KCl,R2,TP2,9,0.6014078035170283
BD,CoEvo,KCl,R2,TP2,10,0.5874455300053039
BD,CoEvo,KCl,R3,TP1,1,0.48721955852283405
BD,CoEvo,KCl,R3,TP1,2,0.5664950322892341
BD,CoEvo,KCl,R3,TP1,3,0.669853656001238
BD,CoEvo,KCl,R3,TP1,4,1.1170196806631962
BD,CoEvo,KCl,R3,TP1,5,1.0839165712814225
BD,CoEvo,KCl,R3,TP1,6,1.105211991490337
BD,CoEvo,KCl,R3,TP1,7,0.613952587332131
BD,CoEvo,KCl,R3,TP1,8,0.5894158406836081
BD,CoEvo,KCl,R3,TP1,9,0.992762533857332
BD,CoEvo,KCl,R3,TP1,10,1.0827589546958485
BD,CoEvo,KCl,R3,TP2,1,1.1105984523374997
BD,CoEvo,KCl,R3,TP2,2,0.9948934933679203
BD,CoEvo,KCl,R3,TP2,3,1.2018469890746981
BD,CoEvo,KCl,R3,TP2,4,0.6261571736200444
BD,CoEvo,KCl,R3,TP2,5,1.0708000666220159
BD,CoEvo,KCl,R3,TP2,6,1.2369440339630533
BD,CoEvo,KCl,R3,TP2,7,0.6184554796017329
BD,CoEvo,KCl,R3,TP2,8,1.0569133925607779
BD,CoEvo,KCl,R3,TP2,9,1.1004964757662419
BD,CoEvo,KCl,R3,TP2,10,0.5865288866681551
BD,Evo,Tetra,R1,TP1,1,0.5879557298402812
BD,Evo,Tetra,R1,TP1,2,0.5878867517166931
BD,Evo,Tetra,R1,TP1,3,0.619361469509945
BD,Evo,Tetra,R1,TP1,4,0.6215480760276878
BD,Evo,Tetra,R1,TP1,5,0.5778573325469827
BD,Evo,Tetra,R1,TP1,6,0.5894525551221431
BD,Evo,Tetra,R1,TP1,7,0.5834928452441309
BD,Evo,Tetra,R1,TP1,8,0.5773124053706368
BD,Evo,Tetra,R1,TP1,9,0.6628452786198857
BD,Evo,Tetra,R1,TP1,10,0.5929014613015482
BD,Evo,Tetra,R1,TP2,1,0.9135945534873615
BD,Evo,Tetra,R1,TP2,2,0.5937567900340408
BD,Evo,Tetra,R1,TP2,3,0.6030550410937171
BD,Evo,Tetra,R1,TP2,4,0.5999510255322524
BD,Evo,Tetra,R1,TP2,5,0.6049105526182371
BD,Evo,Tetra,R1,TP2,6,0.578905800025522
BD,Evo,Tetra,R1,TP2,7,0.6045932532497319
BD,Evo,Tetra,R1,TP2,8,0.622893149437656
BD,Evo,Tetra,R1,TP2,9,0.5847068602192815
BD,Evo,Tetra,R1,TP2,10,0.6154504099024994
BD,Evo,Tetra,R2,TP1,1,0.7372105936602206
BD,Evo,Tetra,R2,TP1,2,0.9425860588314415
BD,Evo,Tetra,R2,TP1,3,0.5751602879146879
BD,Evo,Tetra,R2,TP1,4,1.4166589066277626
BD,Evo,Tetra,R2,TP1,5,0.6132362121353213
BD,Evo,Tetra,R2,TP1,6,0.6892570021417709
BD,Evo,Tetra,R2,TP1,7,0.6680186378889935
BD,Evo,Tetra,R2,TP1,8,0.5732840829530915
BD,Evo,Tetra,R2,TP1,9,1.362524875235819
BD,Evo,Tetra,R2,TP1,10,0.591784015699421
BD,Evo,Tetra,R2,TP2,1,0.5836376993036659
BD,Evo,Tetra,R2,TP2,2,0.5844033564754938
BD,Evo,Tetra,R2,TP2,3,0.5886593067008798
BD,Evo,Tetra,R2,TP2,4,0.5899767888614127
BD,Evo,Tetra,R2,TP2,5,0.6584582699596824
BD,Evo,Tetra,R2,TP2,6,0.7021214221909522
BD,Evo,Tetra,R2,TP2,7,0.5876867151582876
BD,Evo,Tetra,R2,TP2,8,0.5874521895380881
BD,Evo,Tetra,R2,TP2,9,0.6336054520308884
BD,Evo,Tetra,R2,TP2,10,0.5843067871024704
BD,Evo,Tetra,R3,TP1,1,0.648463339851766
BD,Evo,Tetra,R3,TP1,2,0.6567269190576209
BD,Evo,Tetra,R3,TP1,3,0.5648480584382664
BD,Evo,Tetra,R3,TP1,4,1.0399141912142564
BD,Evo,Tetra,R3,TP1,5,0.5914460228938392
BD,Evo,Tetra,R3,TP1,6,0.5785609094075814
BD,Evo,Tetra,R3,TP1,7,0.5638133865844448
BD,Evo,Tetra,R3,TP1,8,0.5716837904858474
BD,Evo,Tetra,R3,TP1,9,0.5736496670081084
BD,Evo,Tetra,R3,TP1,10,0.5660689712257758
BD,Evo,Tetra,R3,TP2,1,0.7458121656716572
BD,Evo,Tetra,R3,TP2,2,0.5985024849369023
BD,Evo,Tetra,R3,TP2,3,0.6547334512859248
BD,Evo,Tetra,R3,TP2,4,0.7119990894887686
BD,Evo,Tetra,R3,TP2,5,0.590142336358024
BD,Evo,Tetra,R3,TP2,6,0.5984886893121847
BD,Evo,Tetra,R3,TP2,7,0.5821201805847276
BD,Evo,Tetra,R3,TP2,8,0.5888179563851323
BD,Evo,Tetra,R3,TP2,9,0.6128568324555868
BD,Evo,Tetra,R3,TP2,10,0.7226424139584131
BD,CoEvo,Tetra,R1,TP1,1,1.3615936705673795
BD,CoEvo,Tetra,R1,TP1,2,1.389847109989067
BD,CoEvo,Tetra,R1,TP1,3,1.4427602285935015
BD,CoEvo,Tetra,R1,TP1,4,1.4926727988218536
BD,CoEvo,Tetra,R1,TP1,5,1.23089392199264
BD,CoEvo,Tetra,R1,TP1,6,1.4439466523192168
BD,CoEvo,Tetra,R1,TP1,7,1.4747246910642289
BD,CoEvo,Tetra,R1,TP1,8,1.421997813393482
BD,CoEvo,Tetra,R1,TP1,9,1.2924637951073816
BD,CoEvo,Tetra,R1,TP1,10,1.44143584862061
BD,CoEvo,Tetra,R1,TP2,1,1.1270818459925434
BD,CoEvo,Tetra,R1,TP2,2,1.0145440373585517
BD,CoEvo,Tetra,R1,TP2,3,1.069209200302124
BD,CoEvo,Tetra,R1,TP2,4,1.0853983659082522
BD,CoEvo,Tetra,R1,TP2,5,1.0615181395220508
BD,CoEvo,Tetra,R1,TP2,6,1.1069954164036877
BD,CoEvo,Tetra,R1,TP2,7,1.1427053909852491
BD,CoEvo,Tetra,R1,TP2,8,1.083039314081539
BD,CoEvo,Tetra,R1,TP2,9,1.119714982393334
BD,CoEvo,Tetra,R1,TP2,10,1.0854466505947638
BD,CoEvo,Tetra,R2,TP1,1,1.4639641037844848
BD,CoEvo,Tetra,R2,TP1,2,1.361000458704522
BD,CoEvo,Tetra,R2,TP1,3,1.3465564396251728
BD,CoEvo,Tetra,R2,TP1,4,1.2442342910945792
BD,CoEvo,Tetra,R2,TP1,5,1.079983583206586
BD,CoEvo,Tetra,R2,TP1,6,1.3765757190107157
BD,CoEvo,Tetra,R2,TP1,7,1.3091633988280618
BD,CoEvo,Tetra,R2,TP1,8,1.5091585703594104
BD,CoEvo,Tetra,R2,TP1,9,1.3720783453527714
BD,CoEvo,Tetra,R2,TP1,10,1.4386836214894445
BD,CoEvo,Tetra,R2,TP2,1,1.1065608542250827
BD,CoEvo,Tetra,R2,TP2,2,1.118942427409147
BD,CoEvo,Tetra,R2,TP2,3,1.1582530600420076
BD,CoEvo,Tetra,R2,TP2,4,1.1545420369929675
BD,CoEvo,Tetra,R2,TP2,5,1.1432779094110304
BD,CoEvo,Tetra,R2,TP2,6,1.1748147075155115
BD,CoEvo,Tetra,R2,TP2,7,1.1439814862716289
BD,CoEvo,Tetra,R2,TP2,8,1.1473131296409342
BD,CoEvo,Tetra,R2,TP2,9,1.1271784153655668
BD,CoEvo,Tetra,R2,TP2,10,1.1832576298426956
BD,CoEvo,Tetra,R3,TP1,1,1.242502940192518
BD,CoEvo,Tetra,R3,TP1,2,1.1050088464443502
BD,CoEvo,Tetra,R3,TP1,3,1.400911201012599
BD,CoEvo,Tetra,R3,TP1,4,1.453734648056369
BD,CoEvo,Tetra,R3,TP1,5,1.4070019693254283
BD,CoEvo,Tetra,R3,TP1,6,1.4793048384704792
BD,CoEvo,Tetra,R3,TP1,7,1.1036154883478704
BD,CoEvo,Tetra,R3,TP1,8,1.120591004562903
BD,CoEvo,Tetra,R3,TP1,9,1.466868082787544
BD,CoEvo,Tetra,R3,TP1,10,1.4632536291115272
BD,CoEvo,Tetra,R3,TP2,1,1.209427929932022
BD,CoEvo,Tetra,R3,TP2,2,1.3517780835807922
BD,CoEvo,Tetra,R3,TP2,3,1.2300041041983536
BD,CoEvo,Tetra,R3,TP2,4,1.2923534301096407
BD,CoEvo,Tetra,R3,TP2,5,1.2817445947017903
BD,CoEvo,Tetra,R3,TP2,6,1.2542016299530603
BD,CoEvo,Tetra,R3,TP2,7,1.1534590804526343
BD,CoEvo,Tetra,R3,TP2,8,1.31126033378514
BD,CoEvo,Tetra,R3,TP2,9,1.211435193328436
BD,CoEvo,Tetra,R3,TP2,10,1.1458852824826606
CT,Evo,KB,R1,TP1,1,1.5079288365903196
CT,Evo,KB,R1,TP1,2,0.9486516775232889
CT,Evo,KB,R1,TP1,3,0.9513763395671356
CT,Evo,KB,R1,TP1,4,0.9516425019261747
CT,Evo,KB,R1,TP1,5,0.921005813546263
CT,Evo,KB,R1,TP1,6,0.9433634517055401
CT,Evo,KB,R1,TP1,7,0.9692022133501433
CT,Evo,KB,R1,TP1,8,1.5015199271555646
CT,Evo,KB,R1,TP1,9,0.938236324157736
CT,Evo,KB,R1,TP1,10,1.150879036212089
CT,Evo,KB,R1,TP2,1,1.2933319324788117
CT,Evo,KB,R1,TP2,2,2.398304966029277
CT,Evo,KB,R1,TP2,3,1.3846816558100439
CT,Evo,KB,R1,TP2,4,2.036772431183021
CT,Evo,KB,R1,TP2,5,1.5423128108145963
CT,Evo,KB,R1,TP2,6,2.127295650346711
CT,Evo,KB,R1,TP2,7,1.4148350493801214
CT,Evo,KB,R1,TP2,8,2.4825873783007624
CT,Evo,KB,R1,TP2,9,2.5746725502556553
CT,Evo,KB,R1,TP2,10,1.4651047138754638
CT,Evo,KB,R2,TP1,1,1.5453106394900884
CT,Evo,KB,R2,TP1,2,0.9198711213840441
CT,Evo,KB,R2,TP1,3,0.9472368144568185
CT,Evo,KB,R2,TP1,4,0.9186243608601246
CT,Evo,KB,R2,TP1,5,0.8990824402885759
CT,Evo,KB,R2,TP1,6,0.948287455347762
CT,Evo,KB,R2,TP1,7,0.9183231771380541
CT,Evo,KB,R2,TP1,8,0.9243468515794633
CT,Evo,KB,R2,TP1,9,0.9788611052742171
CT,Evo,KB,R2,TP1,10,1.035721790292078
CT,Evo,KB,R2,TP2,1,1.9094767808363098
CT,Evo,KB,R2,TP2,2,1.774147229810184
CT,Evo,KB,R2,TP2,3,1.9886460741052039
CT,Evo,KB,R2,TP2,4,2.0034320935770817
CT,Evo,KB,R2,TP2,5,1.9880156895706378
CT,Evo,KB,R2,TP2,6,2.054072984520557
CT,Evo,KB,R2,TP2,7,2.283806121734257
CT,Evo,KB,R2,TP2,8,2.271205435315542
CT,Evo,KB,R2,TP2,9,2.0739721229950265
CT,Evo,KB,R2,TP2,10,2.041185122924984
CT,Evo,KB,R3,TP1,1,1.8707011276878893
CT,Evo,KB,R3,TP1,2,0.9008405127127544
CT,Evo,KB,R3,TP1,3,0.9213350143587586
CT,Evo,KB,R3,TP1,4,0.922189535616726
CT,Evo,KB,R3,TP1,5,1.4509841003011834
CT,Evo,KB,R3,TP1,6,0.902759683406878
CT,Evo,KB,R3,TP1,7,0.907690691321706
CT,Evo,KB,R3,TP1,8,1.3854801428871608
CT,Evo,KB,R3,TP1,9,1.4259998599145478
CT,Evo,KB,R3,TP1,10,1.3495132030538626
CT,Evo,KB,R3,TP2,1,2.0390978496883094
CT,Evo,KB,R3,TP2,2,2.037157666176367
CT,Evo,KB,R3,TP2,3,1.8194788821180916
CT,Evo,KB,R3,TP2,4,1.9177418225117318
CT,Evo,KB,R3,TP2,5,2.096574910695524
CT,Evo,KB,R3,TP2,6,2.108223016039784
CT,Evo,KB,R3,TP2,7,1.821328010086152
CT,Evo,KB,R3,TP2,8,2.1023674441409255
CT,Evo,KB,R3,TP2,9,2.1787070112768783
CT,Evo,KB,R3,TP2,10,1.55606920221335
CT,CoEvo,KB,R1,TP1,1,0.49476080409049517
CT,CoEvo,KB,R1,TP1,2,0.9719128668487774
CT,CoEvo,KB,R1,TP1,3,0.4954892484415493
CT,CoEvo,KB,R1,TP1,4,0.895097009175597
CT,CoEvo,KB,R1,TP1,5,0.4951250262660221
CT,CoEvo,KB,R1,TP1,6,0.9535756811655108
CT,CoEvo,KB,R1,TP1,7,0.49367514183652017
CT,CoEvo,KB,R1,TP1,8,0.879848707711704
CT,CoEvo,KB,R1,TP1,9,0.4949639279960775
CT,CoEvo,KB,R1,TP1,10,0.4948588639069832
CT,CoEvo,KB,R1,TP2,1,2.29291868039504
CT,CoEvo,KB,R1,TP2,2,1.9917909925054278
CT,CoEvo,KB,R1,TP2,3,2.4723051061147294
CT,CoEvo,KB,R1,TP2,4,2.2153953911886246
CT,CoEvo,KB,R1,TP2,5,2.2554108005883586
CT,CoEvo,KB,R1,TP2,6,1.7556419415843658
CT,CoEvo,KB,R1,TP2,7,2.2148910835609716
CT,CoEvo,KB,R1,TP2,8,2.437949148980878
CT,CoEvo,KB,R1,TP2,9,2.0438817678784056
CT,CoEvo,KB,R1,TP2,10,2.1572529242838128
CT,CoEvo,KB,R2,TP1,1,0.494879876724802
CT,CoEvo,KB,R2,TP1,2,0.4944175947327869
CT,CoEvo,KB,R2,TP1,3,0.49407438537507864
CT,CoEvo,KB,R2,TP1,4,1.3394340547734116
CT,CoEvo,KB,R2,TP1,5,1.3135182461301391
CT,CoEvo,KB,R2,TP1,6,0.4960005603418084
CT,CoEvo,KB,R2,TP1,7,1.3538278349793371
CT,CoEvo,KB,R2,TP1,8,1.3459690411150798
CT,CoEvo,KB,R2,TP1,9,1.3237795054983534
CT,CoEvo,KB,R2,TP1,10,0.49586747916228885
CT,CoEvo,KB,R2,TP2,1,0.4977306156755619
CT,CoEvo,KB,R2,TP2,2,0.4969881627792952
CT,CoEvo,KB,R2,TP2,3,0.4939202913777403
CT,CoEvo,KB,R2,TP2,4,1.3220144288015685
CT,CoEvo,KB,R2,TP2,5,1.3188134762204944
CT,CoEvo,KB,R2,TP2,6,1.469727533795615
CT,CoEvo,KB,R2,TP2,7,1.4027386705890592
CT,CoEvo,KB,R2,TP2,8,1.324171744764306
CT,CoEvo,KB,R2,TP2,9,1.3281011416964346
CT,CoEvo,KB,R2,TP2,10,1.3502066260418855
CT,CoEvo,KB,R3,TP1,1,0.49406738110247245
CT,CoEvo,KB,R3,TP1,2,0.4946487357287944
CT,CoEvo,KB,R3,TP1,3,0.49412341528332276
CT,CoEvo,KB,R3,TP1,4,0.8657841283182738
CT,CoEvo,KB,R3,TP1,5,1.1888001681025424
CT,CoEvo,KB,R3,TP1,6,1.4005953631715342
CT,CoEvo,KB,R3,TP1,7,0.49478882118092027
CT,CoEvo,KB,R3,TP1,8,0.4934580093857252
CT,CoEvo,KB,R3,TP1,9,0.4927926034881276
CT,CoEvo,KB,R3,TP1,10,1.2728584436506265
CT,CoEvo,KB,R3,TP2,1,2.349968480773271
CT,CoEvo,KB,R3,TP2,2,1.4048119352805208
CT,CoEvo,KB,R3,TP2,3,2.0455067591230645
CT,CoEvo,KB,R3,TP2,4,1.1781536737409817
CT,CoEvo,KB,R3,TP2,5,2.307774742592981
CT,CoEvo,KB,R3,TP2,6,2.1107865798136856
CT,CoEvo,KB,R3,TP2,7,1.4140925964838549
CT,CoEvo,KB,R3,TP2,8,2.269461371436576
CT,CoEvo,KB,R3,TP2,9,1.1711634096799044
CT,CoEvo,KB,R3,TP2,10,1.4263430692722556
CT,Evo,KCl,R1,TP1,1,1.4894878113748085
CT,Evo,KCl,R1,TP1,2,0.893227755083794
CT,Evo,KCl,R1,TP1,3,0.8687219778971154
CT,Evo,KCl,R1,TP1,4,0.9154759310276744
CT,Evo,KCl,R1,TP1,5,0.8450506935790618
CT,Evo,KCl,R1,TP1,6,0.8516148740903003
CT,Evo,KCl,R1,TP1,7,0.8570167252488111
CT,Evo,KCl,R1,TP1,8,1.4642444020988987
CT,Evo,KCl,R1,TP1,9,0.7875526447649545
CT,Evo,KCl,R1,TP1,10,0.8654138097393516
CT,Evo,KCl,R1,TP2,1,1.5102383706526743
CT,Evo,KCl,R1,TP2,2,2.3309770086038455
CT,Evo,KCl,R1,TP2,3,1.5495116912823441
CT,Evo,KCl,R1,TP2,4,2.1845160593309534
CT,Evo,KCl,R1,TP2,5,1.575991938202823
CT,Evo,KCl,R1,TP2,6,2.2111453228351157
CT,Evo,KCl,R1,TP2,7,1.4695717449655679
CT,Evo,KCl,R1,TP2,8,2.651496778447732
CT,Evo,KCl,R1,TP2,9,2.572816022263078
CT,Evo,KCl,R1,TP2,10,1.6937895476042792
CT,Evo,KCl,R2,TP1,1,1.8183972148800513
CT,Evo,KCl,R2,TP1,2,0.8658832119779533
CT,Evo,KCl,R2,TP1,3,0.9049479093904665
CT,Evo,KCl,R2,TP1,4,0.8178328145693515
CT,Evo,KCl,R2,TP1,5,0.8625452405034526
CT,Evo,KCl,R2,TP1,6,0.9013193555777839
CT,Evo,KCl,R2,TP1,7,0.8320266441651627
CT,Evo,KCl,R2,TP1,8,0.8327791779127621
CT,Evo,KCl,R2,TP1,9,0.8794586227514796
CT,Evo,KCl,R2,TP1,10,0.8486270915874553
CT,Evo,KCl,R2,TP2,1,2.2982604176562305
CT,Evo,KCl,R2,TP2,2,2.2339001551635183
CT,Evo,KCl,R2,TP2,3,2.1669246516271685
CT,Evo,KCl,R2,TP2,4,1.9453295408612787
CT,Evo,KCl,R2,TP2,5,2.037369633773119
CT,Evo,KCl,R2,TP2,6,3.1593601972979575
CT,Evo,KCl,R2,TP2,7,2.7316229954941114
CT,Evo,KCl,R2,TP2,8,2.028555302848266
CT,Evo,KCl,R2,TP2,9,2.039753899112048
CT,Evo,KCl,R2,TP2,10,1.96088687219779
CT,Evo,KCl,R3,TP1,1,2.072477940888847
CT,Evo,KCl,R3,TP1,2,0.8361096985580785
CT,Evo,KCl,R3,TP1,3,0.9013044539194159
CT,Evo,KCl,R3,TP1,4,0.9021687501047774
CT,Evo,KCl,R3,TP1,5,1.5648305960849622
CT,Evo,KCl,R3,TP1,6,0.8310431347128545
CT,Evo,KCl,R3,TP1,7,0.8283533853773754
CT,Evo,KCl,R3,TP1,8,1.291869468923523
CT,Evo,KCl,R3,TP1,9,1.259845805090034
CT,Evo,KCl,R3,TP1,10,1.2975991565661364
CT,Evo,KCl,R3,TP2,1,2.1865948406733318
CT,Evo,KCl,R3,TP2,2,2.070570528617704
CT,Evo,KCl,R3,TP2,3,1.894872525626196
CT,Evo,KCl,R3,TP2,4,1.8805073269591492
CT,Evo,KCl,R3,TP2,5,2.046452194548601
CT,Evo,KCl,R3,TP2,6,2.087148623552444
CT,Evo,KCl,R3,TP2,7,1.9573924333104225
CT,Evo,KCl,R3,TP2,8,2.1669395532855367
CT,Evo,KCl,R3,TP2,9,2.026685144723044
CT,Evo,KCl,R3,TP2,10,1.506036102992812
CT,CoEvo,KCl,R1,TP1,1,0.5253356132870638
CT,CoEvo,KCl,R1,TP1,2,0.8660620318783728
CT,CoEvo,KCl,R1,TP1,3,0.5273324355084168
CT,CoEvo,KCl,R1,TP1,4,0.8538650245039145
CT,CoEvo,KCl,R1,TP1,5,0.525737958063008
CT,CoEvo,KCl,R1,TP1,6,0.8685133546799592
CT,CoEvo,KCl,R1,TP1,7,0.5319146954566707
CT,CoEvo,KCl,R1,TP1,8,0.8137721126639882
CT,CoEvo,KCl,R1,TP1,9,0.5276230178465987
CT,CoEvo,KCl,R1,TP1,10,0.5316464656060412
CT,CoEvo,KCl,R1,TP2,1,2.4142027705908324
CT,CoEvo,KCl,R1,TP2,2,1.9840515001313213
CT,CoEvo,KCl,R1,TP2,3,2.1109167686498918
CT,CoEvo,KCl,R1,TP2,4,2.1220557582802
CT,CoEvo,KCl,R1,TP2,5,2.290645670230026
CT,CoEvo,KCl,R1,TP2,6,1.6219188492939414
CT,CoEvo,KCl,R1,TP2,7,2.341966981650471
CT,CoEvo,KCl,R1,TP2,8,2.3917832255757165
CT,CoEvo,KCl,R1,TP2,9,2.2954142009078837
CT,CoEvo,KCl,R1,TP2,10,2.188360687189976
CT,CoEvo,KCl,R2,TP1,1,0.5319072446274866
CT,CoEvo,KCl,R2,TP1,2,0.5284053549109348
CT,CoEvo,KCl,R2,TP1,3,0.5242105380802566
CT,CoEvo,KCl,R2,TP1,4,1.2914000666849215
CT,CoEvo,KCl,R2,TP1,5,1.2337008454828418
CT,CoEvo,KCl,R2,TP1,6,0.6857519656218742
CT,CoEvo,KCl,R2,TP1,7,1.290550672157928
CT,CoEvo,KCl,R2,TP1,8,1.2617457665319933
CT,CoEvo,KCl,R2,TP1,9,1.1991588013851093
CT,CoEvo,KCl,R2,TP1,10,0.5263340243977404
CT,CoEvo,KCl,R2,TP2,1,0.5440818995143923
CT,CoEvo,KCl,R2,TP2,2,0.5257081547462714
CT,CoEvo,KCl,R2,TP2,3,0.5255442365042201
CT,CoEvo,KCl,R2,TP2,4,1.329555762936968
CT,CoEvo,KCl,R2,TP2,5,1.331552585158321
CT,CoEvo,KCl,R2,TP2,6,1.278793263705335
CT,CoEvo,KCl,R2,TP2,7,1.0408584845385982
CT,CoEvo,KCl,R2,TP2,8,1.347199326445042
CT,CoEvo,KCl,R2,TP2,9,1.3122325850838128
CT,CoEvo,KCl,R2,TP2,10,1.3870612625802596
CT,CoEvo,KCl,R3,TP1,1,0.5283904532525665
CT,CoEvo,KCl,R3,TP1,2,0.5248513093900938
CT,CoEvo,KCl,R3,TP1,3,0.5452963846714092
CT,CoEvo,KCl,R3,TP1,4,0.8819993555032756
CT,CoEvo,KCl,R3,TP1,5,1.0082685576871138
CT,CoEvo,KCl,R3,TP1,6,1.203428126507629
CT,CoEvo,KCl,R3,TP1,7,0.5363479388212417
CT,CoEvo,KCl,R3,TP1,8,0.530074340648185
CT,CoEvo,KCl,R3,TP1,9,0.5399466893171876
CT,CoEvo,KCl,R3,TP1,10,1.2340137803085762
CT,CoEvo,KCl,R3,TP2,1,2.713949628669301
CT,CoEvo,KCl,R3,TP2,2,2.711326936796479
CT,CoEvo,KCl,R3,TP2,3,2.810281399191213
CT,CoEvo,KCl,R3,TP2,4,1.6133578465613494
CT,CoEvo,KCl,R3,TP2,5,3.095841878503055
CT,CoEvo,KCl,R3,TP2,6,2.0057110605696535
CT,CoEvo,KCl,R3,TP2,7,1.9849306979750512
CT,CoEvo,KCl,R3,TP2,8,2.6688274071300717
CT,CoEvo,KCl,R3,TP2,9,1.4922222656853925
CT,CoEvo,KCl,R3,TP2,10,1.8604794981121464
CT,Evo,Tetra,R1,TP1,1,0.601597702270959
CT,Evo,Tetra,R1,TP1,2,0.7976902619220962
CT,Evo,Tetra,R1,TP1,3,0.6206670519565974
CT,Evo,Tetra,R1,TP1,4,0.6866567091736532
CT,Evo,Tetra,R1,TP1,5,0.6245599813859929
CT,Evo,Tetra,R1,TP1,6,0.6146725410871681
CT,Evo,Tetra,R1,TP1,7,0.6372595378021961
CT,Evo,Tetra,R1,TP1,8,0.6492985971943889
CT,Evo,Tetra,R1,TP1,9,0.5984753527029089
CT,Evo,Tetra,R1,TP1,10,0.6109147133217746
CT,Evo,Tetra,R1,TP2,1,0.7094488602673512
CT,Evo,Tetra,R1,TP2,2,0.6990410283738513
CT,Evo,Tetra,R1,TP2,3,0.9606729063620374
CT,Evo,Tetra,R1,TP2,4,0.7251806984756028
CT,Evo,Tetra,R1,TP2,5,0.5860309883187098
CT,Evo,Tetra,R1,TP2,6,0.68833797432568
CT,Evo,Tetra,R1,TP2,7,0.8704800362272609
CT,Evo,Tetra,R1,TP2,8,0.7426588507852159
CT,Evo,Tetra,R1,TP2,9,0.7397866894838365
CT,Evo,Tetra,R1,TP2,10,0.6339720639781435
CT,Evo,Tetra,R2,TP1,1,0.6414727082129303
CT,Evo,Tetra,R2,TP1,2,0.588878130793422
CT,Evo,Tetra,R2,TP1,3,0.6345925308794869
CT,Evo,Tetra,R2,TP1,4,0.6087981205857408
CT,Evo,Tetra,R2,TP1,5,0.7187508600221667
CT,Evo,Tetra,R2,TP1,6,0.6563438987838347
CT,Evo,Tetra,R2,TP1,7,0.5798513381319443
CT,Evo,Tetra,R2,TP1,8,0.6639195994986227
CT,Evo,Tetra,R2,TP1,9,0.6029937527989813
CT,Evo,Tetra,R2,TP1,10,0.5872218844680622
CT,Evo,Tetra,R2,TP2,1,0.78000195146848
CT,Evo,Tetra,R2,TP2,2,1.1933880244884274
CT,Evo,Tetra,R2,TP2,3,0.6569043205011771
CT,Evo,Tetra,R2,TP2,4,0.6685630937280304
CT,Evo,Tetra,R2,TP2,5,0.7619383586148575
CT,Evo,Tetra,R2,TP2,6,1.0057718433120924
CT,Evo,Tetra,R2,TP2,7,1.7854185274418999
CT,Evo,Tetra,R2,TP2,8,0.626556483754025
CT,Evo,Tetra,R2,TP2,9,0.7584607417081353
CT,Evo,Tetra,R2,TP2,10,0.7243200508382558
CT,Evo,Tetra,R3,TP1,1,0.6517304271464276
CT,Evo,Tetra,R3,TP1,2,0.576288657214554
CT,Evo,Tetra,R3,TP1,3,0.5154678895869141
CT,Evo,Tetra,R3,TP1,4,0.551234804190153
CT,Evo,Tetra,R3,TP1,5,0.6497939699623968
CT,Evo,Tetra,R3,TP1,6,0.5819178932146439
CT,Evo,Tetra,R3,TP1,7,0.5781650692145839
CT,Evo,Tetra,R3,TP1,8,0.5936267040948314
CT,Evo,Tetra,R3,TP1,9,0.6539921290771304
CT,Evo,Tetra,R3,TP1,10,0.9755891308209428
CT,Evo,Tetra,R3,TP2,1,0.8020185189354989
CT,Evo,Tetra,R3,TP2,2,0.9356891060523044
CT,Evo,Tetra,R3,TP2,3,0.5910397574174567
CT,Evo,Tetra,R3,TP2,4,0.5913499908681282
CT,Evo,Tetra,R3,TP2,5,0.8567146777950407
CT,Evo,Tetra,R3,TP2,6,0.804670514562208
CT,Evo,Tetra,R3,TP2,7,0.9252612590974707
CT,Evo,Tetra,R3,TP2,8,0.7616931741135203
CT,Evo,Tetra,R3,TP2,9,0.8411829902001255
CT,Evo,Tetra,R3,TP2,10,0.7331667079477306
CT,CoEvo,Tetra,R1,TP1,1,0.5152927578002447
CT,CoEvo,Tetra,R1,TP1,2,1.148654362407712
CT,CoEvo,Tetra,R1,TP1,3,0.4584349723166683
CT,CoEvo,Tetra,R1,TP1,4,0.9246357884307942
CT,CoEvo,Tetra,R1,TP1,5,0.4964335662586096
CT,CoEvo,Tetra,R1,TP1,6,0.8846256808248206
CT,CoEvo,Tetra,R1,TP1,7,0.44515998288712255
CT,CoEvo,Tetra,R1,TP1,8,0.882123798158114
CT,CoEvo,Tetra,R1,TP1,9,0.48494992481842586
CT,CoEvo,Tetra,R1,TP1,10,0.5103240188241651
CT,CoEvo,Tetra,R1,TP2,1,1.4702963980395247
CT,CoEvo,Tetra,R1,TP2,2,1.442665605868416
CT,CoEvo,Tetra,R1,TP2,3,1.4391229400123593
CT,CoEvo,Tetra,R1,TP2,4,1.4338389638202749
CT,CoEvo,Tetra,R1,TP2,5,1.484026730114411
CT,CoEvo,Tetra,R1,TP2,6,1.3817597742301082
CT,CoEvo,Tetra,R1,TP2,7,1.406848653611843
CT,CoEvo,Tetra,R1,TP2,8,1.4449523266257858
CT,CoEvo,Tetra,R1,TP2,9,1.4617950007380554
CT,CoEvo,Tetra,R1,TP2,10,1.4280896374521828
CT,CoEvo,Tetra,R2,TP1,1,0.5028934273040464
CT,CoEvo,Tetra,R2,TP1,2,0.49559793744792957
CT,CoEvo,Tetra,R2,TP1,3,0.5079172076987933
CT,CoEvo,Tetra,R2,TP1,4,1.1207183405512648
CT,CoEvo,Tetra,R2,TP1,5,1.2929579508580207
CT,CoEvo,Tetra,R2,TP1,6,0.48564044443443677
CT,CoEvo,Tetra,R2,TP1,7,1.0779361469505804
CT,CoEvo,Tetra,R2,TP1,8,1.0827547729666573
CT,CoEvo,Tetra,R2,TP1,9,1.0491544887527864
CT,CoEvo,Tetra,R2,TP1,10,0.48380406255707414
CT,CoEvo,Tetra,R2,TP2,1,0.49984613421599755
CT,CoEvo,Tetra,R2,TP2,2,0.49621340058393937
CT,CoEvo,Tetra,R2,TP2,3,0.5099987740774933
CT,CoEvo,Tetra,R2,TP2,4,1.0768403223425627
CT,CoEvo,Tetra,R2,TP2,5,1.0714912972011439
CT,CoEvo,Tetra,R2,TP2,6,1.1362099980235125
CT,CoEvo,Tetra,R2,TP2,7,1.1114913972764504
CT,CoEvo,Tetra,R2,TP2,8,1.073452773211842
CT,CoEvo,Tetra,R2,TP2,9,1.0663674414997286
CT,CoEvo,Tetra,R2,TP2,10,1.1028298794843119
CT,CoEvo,Tetra,R3,TP1,1,0.5024180695973721
CT,CoEvo,Tetra,R3,TP1,2,0.5254253826004067
CT,CoEvo,Tetra,R3,TP1,3,0.5044045644347371
CT,CoEvo,Tetra,R3,TP1,4,0.9077480804305239
CT,CoEvo,Tetra,R3,TP1,5,1.0680386991210886
CT,CoEvo,Tetra,R3,TP1,6,1.1669481284666712
CT,CoEvo,Tetra,R3,TP1,7,0.4750724920502678
CT,CoEvo,Tetra,R3,TP1,8,0.4752226050102703
CT,CoEvo,Tetra,R3,TP1,9,0.4890930425144922
CT,CoEvo,Tetra,R3,TP1,10,1.1648015131386367
CT,CoEvo,Tetra,R3,TP2,1,1.5237216005043794
CT,CoEvo,Tetra,R3,TP2,2,1.2086695238166718
CT,CoEvo,Tetra,R3,TP2,3,1.544292079790042
CT,CoEvo,Tetra,R3,TP2,4,0.9546233540739407
CT,CoEvo,Tetra,R3,TP2,5,1.517046577549606
CT,CoEvo,Tetra,R3,TP2,6,1.4496708773351947
CT,CoEvo,Tetra,R3,TP2,7,1.1586969194318724
CT,CoEvo,Tetra,R3,TP2,8,1.3501209660269353
CT,CoEvo,Tetra,R3,TP2,9,1.144311094098309
CT,CoEvo,Tetra,R3,TP2,10,1.162364679421264
PF,Evo,KB,R1,TP1,1,0.8160391513697629
PF,Evo,KB,R1,TP1,2,0.9839809755385533
PF,Evo,KB,R1,TP1,3,0.9011016309142058
PF,Evo,KB,R1,TP1,4,1.4143668047445108
PF,Evo,KB,R1,TP1,5,0.8562530768331126
PF,Evo,KB,R1,TP1,6,0.9681550606028462
PF,Evo,KB,R1,TP1,7,0.9354624338509212
PF,Evo,KB,R1,TP1,8,1.0276436739404586
PF,Evo,KB,R1,TP1,9,0.8793246787627572
PF,Evo,KB,R1,TP1,10,0.9683545164510278
PF,Evo,KB,R1,TP2,1,0.8546102859380906
PF,Evo,KB,R1,TP2,2,1.5704500721214212
PF,Evo,KB,R1,TP2,3,0.8573954148726972
PF,Evo,KB,R1,TP2,4,0.9680172547441026
PF,Evo,KB,R1,TP2,5,0.9647570582438273
PF,Evo,KB,R1,TP2,6,1.450297869176909
PF,Evo,KB,R1,TP2,7,0.8531234332516471
PF,Evo,KB,R1,TP2,8,1.3021747033774222
PF,Evo,KB,R1,TP2,9,1.4449343200958114
PF,Evo,KB,R1,TP2,10,1.2003905708154388
PF,Evo,KB,R2,TP1,1,0.949507752032863
PF,Evo,KB,R2,TP1,2,1.1694930466971472
PF,Evo,KB,R2,TP1,3,0.9376491952409833
PF,Evo,KB,R2,TP1,4,1.1469218976229396
PF,Evo,KB,R2,TP1,5,1.097068814987475
PF,Evo,KB,R2,TP1,6,1.170726046485905
PF,Evo,KB,R2,TP1,7,1.0364632489000463
PF,Evo,KB,R2,TP1,8,0.9323255373295218
PF,Evo,KB,R2,TP1,9,0.7337364154701582
PF,Evo,KB,R2,TP1,10,0.9736056449631505
PF,Evo,KB,R2,TP2,1,0.8566592414694093
PF,Evo,KB,R2,TP2,2,0.7124780485239812
PF,Evo,KB,R2,TP2,3,0.6978742539671315
PF,Evo,KB,R2,TP2,4,0.8192812155202035
PF,Evo,KB,R2,TP2,5,0.8244054175834836
PF,Evo,KB,R2,TP2,6,0.9756219622647667
PF,Evo,KB,R2,TP2,7,0.953460604296823
PF,Evo,KB,R2,TP2,8,0.7780917696357482
PF,Evo,KB,R2,TP2,9,0.9401877242178385
PF,Evo,KB,R2,TP2,10,0.9307443964239379
PF,Evo,KB,R3,TP1,1,0.8235531971412535
PF,Evo,KB,R3,TP1,2,1.1659862502391203
PF,Evo,KB,R3,TP1,3,0.9746645741934956
PF,Evo,KB,R3,TP1,4,0.9300408612503523
PF,Evo,KB,R3,TP1,5,0.9912012772427223
PF,Evo,KB,R3,TP1,6,1.110646318543682
PF,Evo,KB,R3,TP1,7,1.227045125072416
PF,Evo,KB,R3,TP1,8,1.1133697974888508
PF,Evo,KB,R3,TP1,9,0.9082929208586393
PF,Evo,KB,R3,TP1,10,0.7788098106892015
PF,Evo,KB,R3,TP2,1,1.0325647936855904
PF,Evo,KB,R3,TP2,2,0.7979829574043903
PF,Evo,KB,R3,TP2,3,0.8136964517711224
PF,Evo,KB,R3,TP2,4,0.8060518530808223
PF,Evo,KB,R3,TP2,5,1.044368953427966
PF,Evo,KB,R3,TP2,6,1.132521185384238
PF,Evo,KB,R3,TP2,7,0.7449784723676587
PF,Evo,KB,R3,TP2,8,1.046845832415383
PF,Evo,KB,R3,TP2,9,0.7191870179628124
PF,Evo,KB,R3,TP2,10,1.040368957054436
PF,CoEvo,KB,R1,TP1,1,1.0866245814827002
PF,CoEvo,KB,R1,TP1,2,0.8043401592564285
PF,CoEvo,KB,R1,TP1,3,0.8625341228158451
PF,CoEvo,KB,R1,TP1,4,0.8387771180624496
PF,CoEvo,KB,R1,TP1,5,1.1515746585905178
PF,CoEvo,KB,R1,TP1,6,0.9155603666723783
PF,CoEvo,KB,R1,TP1,7,0.9238105858471569
PF,CoEvo,KB,R1,TP1,8,0.932198610880679
PF,CoEvo,KB,R1,TP1,9,0.9986754318445766
PF,CoEvo,KB,R1,TP1,10,1.045210294460295
PF,CoEvo,KB,R1,TP2,1,1.1360352347821987
PF,CoEvo,KB,R1,TP2,2,1.2278538278750426
PF,CoEvo,KB,R1,TP2,3,1.1015257465768387
PF,CoEvo,KB,R1,TP2,4,1.2338919003699906
PF,CoEvo,KB,R1,TP2,5,1.2660768213265445
PF,CoEvo,KB,R1,TP2,6,1.168876546802768
PF,CoEvo,KB,R1,TP2,7,1.232843850549546
PF,CoEvo,KB,R1,TP2,8,1.2204159379728574
PF,CoEvo,KB,R1,TP2,9,1.3471973280169283
PF,CoEvo,KB,R1,TP2,10,1.2884884057222068
PF,CoEvo,KB,R2,TP1,1,0.7344508300536444
PF,CoEvo,KB,R2,TP1,2,0.9558141833053642
PF,CoEvo,KB,R2,TP1,3,1.0114261002483222
PF,CoEvo,KB,R2,TP1,4,0.9192158483990494
PF,CoEvo,KB,R2,TP1,5,0.9713427277037826
PF,CoEvo,KB,R2,TP1,6,0.8845903131547476
PF,CoEvo,KB,R2,TP1,7,0.9260916354563594
PF,CoEvo,KB,R2,TP1,8,0.9117634526169968
PF,CoEvo,KB,R2,TP1,9,1.0020843136134963
PF,CoEvo,KB,R2,TP1,10,0.9418051298230916
PF,CoEvo,KB,R2,TP2,1,1.8729049203037895
PF,CoEvo,KB,R2,TP2,2,0.8332467513628727
PF,CoEvo,KB,R2,TP2,3,1.2110632719281307
PF,CoEvo,KB,R2,TP2,4,1.6368543636859805
PF,CoEvo,KB,R2,TP2,5,1.048586537999512
PF,CoEvo,KB,R2,TP2,6,0.9005757927690002
PF,CoEvo,KB,R2,TP2,7,0.6110420570788241
PF,CoEvo,KB,R2,TP2,8,1.9800852401765725
PF,CoEvo,KB,R2,TP2,9,1.4664066487700371
PF,CoEvo,KB,R2,TP2,10,0.9914660095503086
PF,CoEvo,KB,R3,TP1,1,0.9081805002896641
PF,CoEvo,KB,R3,TP1,2,0.9762638474489143
PF,CoEvo,KB,R3,TP1,3,0.9580263299851949
PF,CoEvo,KB,R3,TP1,4,0.948495966912088
PF,CoEvo,KB,R3,TP1,5,0.8840862338293437
PF,CoEvo,KB,R3,TP1,6,0.9296419495539895
PF,CoEvo,KB,R3,TP1,7,0.9450471939735322
PF,CoEvo,KB,R3,TP1,8,1.112561094686224
PF,CoEvo,KB,R3,TP1,9,0.9405032271049617
PF,CoEvo,KB,R3,TP1,10,0.9445757528778305
PF,CoEvo,KB,R3,TP2,1,0.8461606109151305
PF,CoEvo,KB,R3,TP2,2,0.9293699643064692
PF,CoEvo,KB,R3,TP2,3,0.8445033141402409
PF,CoEvo,KB,R3,TP2,4,0.8876075361672382
PF,CoEvo,KB,R3,TP2,5,0.8561007650945012
PF,CoEvo,KB,R3,TP2,6,0.8814098989937452
PF,CoEvo,KB,R3,TP2,7,0.8642458166402388
PF,CoEvo,KB,R3,TP2,8,0.8882856860510553
PF,CoEvo,KB,R3,TP2,9,0.8717235977120601
PF,CoEvo,KB,R3,TP2,10,0.8537471860859599
PF,Evo,KCl,R1,TP1,1,1.0773597223154978
PF,Evo,KCl,R1,TP1,2,0.9924207910039321
PF,Evo,KCl,R1,TP1,3,1.0571904470626103
PF,Evo,KCl,R1,TP1,4,1.06711051656844
PF,Evo,KCl,R1,TP1,5,1.069353967271515
PF,Evo,KCl,R1,TP1,6,1.09079864545916
PF,Evo,KCl,R1,TP1,7,1.1491961270828908
PF,Evo,KCl,R1,TP1,8,1.107693499135715
PF,Evo,KCl,R1,TP1,9,0.9232997602266685
PF,Evo,KCl,R1,TP1,10,1.047134850869216
PF,Evo,KCl,R1,TP2,1,0.8944954988803921
PF,Evo,KCl,R1,TP2,2,1.1738208421894578
PF,Evo,KCl,R1,TP2,3,1.0073601881884862
PF,Evo,KCl,R1,TP2,4,1.0738699101107145
PF,Evo,KCl,R1,TP2,5,0.9879459901948863
PF,Evo,KCl,R1,TP2,6,1.0136428182048645
PF,Evo,KCl,R1,TP2,7,0.8909064617793564
PF,Evo,KCl,R1,TP2,8,1.1367736540959612
PF,Evo,KCl,R1,TP2,9,1.0175779323830736
PF,Evo,KCl,R1,TP2,10,0.8839171568921069
PF,Evo,KCl,R2,TP1,1,1.0356247629039257
PF,Evo,KCl,R2,TP1,2,1.008052342342833
PF,Evo,KCl,R2,TP1,3,1.053901504769753
PF,Evo,KCl,R2,TP1,4,1.165536773412084
PF,Evo,KCl,R2,TP1,5,1.2299651926324306
PF,Evo,KCl,R2,TP1,6,1.1757908193979831
PF,Evo,KCl,R2,TP1,7,1.114968378114618
PF,Evo,KCl,R2,TP1,8,1.1314929535197915
PF,Evo,KCl,R2,TP1,9,0.8609163419168919
PF,Evo,KCl,R2,TP1,10,0.9961259938371659
PF,Evo,KCl,R2,TP2,1,0.7386736898532258
PF,Evo,KCl,R2,TP2,2,0.6643566626795199
PF,Evo,KCl,R2,TP2,3,0.70342949072822
PF,Evo,KCl,R2,TP2,4,0.9300857750825715
PF,Evo,KCl,R2,TP2,5,0.604712819554081
PF,Evo,KCl,R2,TP2,6,0.6305669553264106
PF,Evo,KCl,R2,TP2,7,0.8899698755635096
PF,Evo,KCl,R2,TP2,8,0.909739831111966
PF,Evo,KCl,R2,TP2,9,0.8685518186894933
PF,Evo,KCl,R2,TP2,10,0.728380921956594
PF,Evo,KCl,R3,TP1,1,0.8312819796092838
PF,Evo,KCl,R3,TP1,2,1.2145611325190842
PF,Evo,KCl,R3,TP1,3,1.0825750796673062
PF,Evo,KCl,R3,TP1,4,0.712330689957896
PF,Evo,KCl,R3,TP1,5,1.0941505108569582
PF,Evo,KCl,R3,TP1,6,1.1455199656827066
PF,Evo,KCl,R3,TP1,7,1.226908581803969
PF,Evo,KCl,R3,TP1,8,0.9204270784741871
PF,Evo,KCl,R3,TP1,9,0.9080989901446687
PF,Evo,KCl,R3,TP1,10,1.006275974687971
PF,Evo,KCl,R3,TP2,1,0.9023487864008649
PF,Evo,KCl,R3,TP2,2,1.1704229945226647
PF,Evo,KCl,R3,TP2,3,1.1639031928030488
PF,Evo,KCl,R3,TP2,4,1.0383957996407334
PF,Evo,KCl,R3,TP2,5,1.0195019273226038
PF,Evo,KCl,R3,TP2,6,1.0041849915084062
PF,Evo,KCl,R3,TP2,7,0.6168860202406687
PF,Evo,KCl,R3,TP2,8,1.1332112383085542
PF,Evo,KCl,R3,TP2,9,0.7355952979499772
PF,Evo,KCl,R3,TP2,10,1.0080547624622536
PF,CoEvo,KCl,R1,TP1,1,0.6933521134600387
PF,CoEvo,KCl,R1,TP1,2,0.6575077247186762
PF,CoEvo,KCl,R1,TP1,3,0.655617611451037
PF,CoEvo,KCl,R1,TP1,4,0.6281782974580881
PF,CoEvo,KCl,R1,TP1,5,0.6906585205446963
PF,CoEvo,KCl,R1,TP1,6,0.6700415231989623
PF,CoEvo,KCl,R1,TP1,7,0.9914454828773527
PF,CoEvo,KCl,R1,TP1,8,0.6610338387147714
PF,CoEvo,KCl,R1,TP1,9,0.7503749672527591
PF,CoEvo,KCl,R1,TP1,10,0.6775124318509497
PF,CoEvo,KCl,R1,TP2,1,1.1547962834226055
PF,CoEvo,KCl,R1,TP2,2,0.9681058511832268
PF,CoEvo,KCl,R1,TP2,3,1.1385839034227143
PF,CoEvo,KCl,R1,TP2,4,1.2339995317068921
PF,CoEvo,KCl,R1,TP2,5,1.1729544394368139
PF,CoEvo,KCl,R1,TP2,6,1.2969565183193965
PF,CoEvo,KCl,R1,TP2,7,1.1305345862291576
PF,CoEvo,KCl,R1,TP2,8,1.0264888120904325
PF,CoEvo,KCl,R1,TP2,9,1.241160665073018
PF,CoEvo,KCl,R1,TP2,10,1.1915482169467653
PF,CoEvo,KCl,R2,TP1,1,0.3085749066287676
PF,CoEvo,KCl,R2,TP1,2,1.1538669575650211
PF,CoEvo,KCl,R2,TP1,3,1.1297867693281325
PF,CoEvo,KCl,R2,TP1,4,1.1039181128392779
PF,CoEvo,KCl,R2,TP1,5,1.1401109987772347
PF,CoEvo,KCl,R2,TP1,6,1.2128912501187372
PF,CoEvo,KCl,R2,TP1,7,1.2231767576571064
PF,CoEvo,KCl,R2,TP1,8,1.1144722536333556
PF,CoEvo,KCl,R2,TP1,9,1.0369243670328911
PF,CoEvo,KCl,R2,TP1,10,1.1318462909552272
PF,CoEvo,KCl,R2,TP2,1,1.2136705285722325
PF,CoEvo,KCl,R2,TP2,2,0.937227547493331
PF,CoEvo,KCl,R2,TP2,3,0.5591347105022897
PF,CoEvo,KCl,R2,TP2,4,0.6117287457549593
PF,CoEvo,KCl,R2,TP2,5,0.9638948433910471
PF,CoEvo,KCl,R2,TP2,6,1.0331586612141377
PF,CoEvo,KCl,R2,TP2,7,0.7923156368150986
PF,CoEvo,KCl,R2,TP2,8,1.5789851350214874
PF,CoEvo,KCl,R2,TP2,9,1.0178199443251528
PF,CoEvo,KCl,R2,TP2,10,1.0302520977897656
PF,CoEvo,KCl,R3,TP1,1,1.0429553046295068
PF,CoEvo,KCl,R3,TP1,2,0.7838089170510117
PF,CoEvo,KCl,R3,TP1,3,0.9124092228331007
PF,CoEvo,KCl,R3,TP1,4,0.9361917363812319
PF,CoEvo,KCl,R3,TP1,5,0.9051295036153559
PF,CoEvo,KCl,R3,TP1,6,1.0309999146907902
PF,CoEvo,KCl,R3,TP1,7,1.2135858243925046
PF,CoEvo,KCl,R3,TP1,8,0.8758387982655005
PF,CoEvo,KCl,R3,TP1,9,0.8357882419708
PF,CoEvo,KCl,R3,TP1,10,1.0194196432622966
PF,CoEvo,KCl,R3,TP2,1,1.0602325371745467
PF,CoEvo,KCl,R3,TP2,2,1.045653737783691
PF,CoEvo,KCl,R3,TP2,3,1.1997040193948372
PF,CoEvo,KCl,R3,TP2,4,1.327333857289188
PF,CoEvo,KCl,R3,TP2,5,1.231279317477921
PF,CoEvo,KCl,R3,TP2,6,0.9933452766226749
PF,CoEvo,KCl,R3,TP2,7,1.3622755414865946
PF,CoEvo,KCl,R3,TP2,8,1.2416543694348599
PF,CoEvo,KCl,R3,TP2,9,1.3186843504792745
PF,CoEvo,KCl,R3,TP2,10,1.2372303911336504
PF,Evo,Tetra,R1,TP1,1,1.2322208151316774
PF,Evo,Tetra,R1,TP1,2,1.353232435316231
PF,Evo,Tetra,R1,TP1,3,1.6442829269500006
PF,Evo,Tetra,R1,TP1,4,1.6890971566229276
PF,Evo,Tetra,R1,TP1,5,1.4496204293047001
PF,Evo,Tetra,R1,TP1,6,1.855742510680367
PF,Evo,Tetra,R1,TP1,7,1.5898876481741968
PF,Evo,Tetra,R1,TP1,8,1.611728260107333
PF,Evo,Tetra,R1,TP1,9,1.3902476250190783
PF,Evo,Tetra,R1,TP1,10,1.4441479012579939
PF,Evo,Tetra,R1,TP2,1,1.4675615212527964
PF,Evo,Tetra,R1,TP2,2,1.1833750647972072
PF,Evo,Tetra,R1,TP2,3,1.9111662947272605
PF,Evo,Tetra,R1,TP2,4,1.5263898227478416
PF,Evo,Tetra,R1,TP2,5,1.6900871616967037
PF,Evo,Tetra,R1,TP2,6,1.7003282141820977
PF,Evo,Tetra,R1,TP2,7,1.535772870835963
PF,Evo,Tetra,R1,TP2,8,1.4581234728827985
PF,Evo,Tetra,R1,TP2,9,1.0169442118390857
PF,Evo,Tetra,R1,TP2,10,1.3748530461218613
PF,Evo,Tetra,R2,TP1,1,0.9468353525311818
PF,Evo,Tetra,R2,TP1,2,1.6147367755259747
PF,Evo,Tetra,R2,TP1,3,1.4504949337865356
PF,Evo,Tetra,R2,TP1,4,1.8933682035120432
PF,Evo,Tetra,R2,TP1,5,1.9634385626226334
PF,Evo,Tetra,R2,TP1,6,1.8529264962482932
PF,Evo,Tetra,R2,TP1,7,1.5540494645035057
PF,Evo,Tetra,R2,TP1,8,1.7571930056141536
PF,Evo,Tetra,R2,TP1,9,1.5775015846956217
PF,Evo,Tetra,R2,TP1,10,1.62749684092131
PF,Evo,Tetra,R2,TP2,1,1.6581319979264895
PF,Evo,Tetra,R2,TP2,2,1.7706680746738825
PF,Evo,Tetra,R2,TP2,3,1.417230763307662
PF,Evo,Tetra,R2,TP2,4,1.4251233037569317
PF,Evo,Tetra,R2,TP2,5,1.2234647702569477
PF,Evo,Tetra,R2,TP2,6,1.6098362504107835
PF,Evo,Tetra,R2,TP2,7,1.5733710635267006
PF,Evo,Tetra,R2,TP2,8,1.1369768270062386
PF,Evo,Tetra,R2,TP2,9,1.4947371605279476
PF,Evo,Tetra,R2,TP2,10,1.414227747917208
PF,Evo,Tetra,R3,TP1,1,1.0899515860018782
PF,Evo,Tetra,R3,TP1,2,1.5494074407131337
PF,Evo,Tetra,R3,TP1,3,1.8132272927898754
PF,Evo,Tetra,R3,TP1,4,1.8089152706907625
PF,Evo,Tetra,R3,TP1,5,1.7577265083483553
PF,Evo,Tetra,R3,TP1,6,1.562827509490986
PF,Evo,Tetra,R3,TP1,7,1.342325879420132
PF,Evo,Tetra,R3,TP1,8,1.5618430044453977
PF,Evo,Tetra,R3,TP1,9,1.7282683573753317
PF,Evo,Tetra,R3,TP1,10,1.6418794146319997
PF,Evo,Tetra,R3,TP2,1,1.4896166342852508
PF,Evo,Tetra,R3,TP2,2,1.7764431042709095
PF,Evo,Tetra,R3,TP2,3,1.80378374439169
PF,Evo,Tetra,R3,TP2,4,1.875361111225695
PF,Evo,Tetra,R3,TP2,5,1.7042442342517006
PF,Evo,Tetra,R3,TP2,6,1.4618579920222092
PF,Evo,Tetra,R3,TP2,7,1.7030727282477325
PF,Evo,Tetra,R3,TP2,8,1.534568364662869
PF,Evo,Tetra,R3,TP2,9,1.4125942395454776
PF,Evo,Tetra,R3,TP2,10,1.5184807822140092
PF,CoEvo,Tetra,R1,TP1,1,2.1218228743422314
PF,CoEvo,Tetra,R1,TP1,2,1.6150667772172334
PF,CoEvo,Tetra,R1,TP1,3,1.6318418631895488
PF,CoEvo,Tetra,R1,TP1,4,1.72773485464113
PF,CoEvo,Tetra,R1,TP1,5,1.6856926391747757
PF,CoEvo,Tetra,R1,TP1,6,1.6300818541695026
PF,CoEvo,Tetra,R1,TP1,7,1.8490819765451298
PF,CoEvo,Tetra,R1,TP1,8,1.7591785157898934
PF,CoEvo,Tetra,R1,TP1,9,1.649997456236963
PF,CoEvo,Tetra,R1,TP1,10,1.937065927462878
PF,CoEvo,Tetra,R1,TP2,1,1.6285198461642114
PF,CoEvo,Tetra,R1,TP2,2,1.7300833666772544
PF,CoEvo,Tetra,R1,TP2,3,1.670127559403742
PF,CoEvo,Tetra,R1,TP2,4,1.7192648112321576
PF,CoEvo,Tetra,R1,TP2,5,1.6391239005099902
PF,CoEvo,Tetra,R1,TP2,6,1.6153252785420524
PF,CoEvo,Tetra,R1,TP2,7,1.6048367247882147
PF,CoEvo,Tetra,R1,TP2,8,1.5969496843671325
PF,CoEvo,Tetra,R1,TP2,9,1.6199288021351108
PF,CoEvo,Tetra,R1,TP2,10,1.6614870151209524
PF,CoEvo,Tetra,R2,TP1,1,1.0736715025664505
PF,CoEvo,Tetra,R2,TP1,2,1.603670718812434
PF,CoEvo,Tetra,R2,TP1,3,1.609082746549076
PF,CoEvo,Tetra,R2,TP1,4,1.5909271535016616
PF,CoEvo,Tetra,R2,TP1,5,1.6011737060152433
PF,CoEvo,Tetra,R2,TP1,6,1.5579544845167332
PF,CoEvo,Tetra,R2,TP1,7,1.6433534221862887
PF,CoEvo,Tetra,R2,TP1,8,1.5241788114164083
PF,CoEvo,Tetra,R2,TP1,9,1.5278363301611921
PF,CoEvo,Tetra,R2,TP1,10,1.5362568733164756
PF,CoEvo,Tetra,R2,TP2,1,1.6814411173857267
PF,CoEvo,Tetra,R2,TP2,2,1.5297338398859295
PF,CoEvo,Tetra,R2,TP2,3,2.2677331221322503
PF,CoEvo,Tetra,R2,TP2,4,2.5699101707896252
PF,CoEvo,Tetra,R2,TP2,5,1.4666980168273362
PF,CoEvo,Tetra,R2,TP2,6,1.4812950916373446
PF,CoEvo,Tetra,R2,TP2,7,1.0801670358560587
PF,CoEvo,Tetra,R2,TP2,8,1.567420033027669
PF,CoEvo,Tetra,R2,TP2,9,1.9167048231122183
PF,CoEvo,Tetra,R2,TP2,10,1.5114297460774488
PF,CoEvo,Tetra,R3,TP1,1,1.5880616388158988
PF,CoEvo,Tetra,R3,TP1,2,1.5442484142731232
PF,CoEvo,Tetra,R3,TP1,3,1.7075167510233489
PF,CoEvo,Tetra,R3,TP1,4,1.7325583793616945
PF,CoEvo,Tetra,R3,TP1,5,1.6809846150461523
PF,CoEvo,Tetra,R3,TP1,6,1.6234323200906406
PF,CoEvo,Tetra,R3,TP1,7,1.4988676816968687
PF,CoEvo,Tetra,R3,TP1,8,1.6220243128746035
PF,CoEvo,Tetra,R3,TP1,9,1.6409939100937891
PF,CoEvo,Tetra,R3,TP1,10,1.5501884447157792
PF,CoEvo,Tetra,R3,TP2,1,1.5151037649067953
PF,CoEvo,Tetra,R3,TP2,2,1.6525329692314674
PF,CoEvo,Tetra,R3,TP2,3,1.5063257199193145
PF,CoEvo,Tetra,R3,TP2,4,1.5507109473936054
PF,CoEvo,Tetra,R3,TP2,5,1.4919651463213748
PF,CoEvo,Tetra,R3,TP2,6,1.515972769360443
PF,CoEvo,Tetra,R3,TP2,7,1.489754134989942
PF,CoEvo,Tetra,R3,TP2,8,1.4924876489992012
PF,CoEvo,Tetra,R3,TP2,9,1.4855026132008926
PF,CoEvo,Tetra,R3,TP2,10,1.5016396959034417
SC,Evo,KB,R1,TP1,1,0.5601366152726357
SC,Evo,KB,R1,TP1,2,0.5851360903676434
SC,Evo,KB,R1,TP1,3,0.544524774349176
SC,Evo,KB,R1,TP1,4,0.5078794071606373
SC,Evo,KB,R1,TP1,5,1.3917540925092557
SC,Evo,KB,R1,TP1,6,0.5593480913288027
SC,Evo,KB,R1,TP1,7,1.653716677281412
SC,Evo,KB,R1,TP1,8,1.3590653425063397
SC,Evo,KB,R1,TP1,9,0.4758345406148153
SC,Evo,KB,R1,TP1,10,0.5432650023679048
SC,Evo,KB,R1,TP2,1,0.6684816714841281
SC,Evo,KB,R1,TP2,2,1.1378820433501535
SC,Evo,KB,R1,TP2,3,0.8425774934736812
SC,Evo,KB,R1,TP2,4,1.000081651887675
SC,Evo,KB,R1,TP2,5,1.1830472017898093
SC,Evo,KB,R1,TP2,6,0.9909506379345336
SC,Evo,KB,R1,TP2,7,1.1686158138710225
SC,Evo,KB,R1,TP2,8,1.096360892011879
SC,Evo,KB,R1,TP2,9,1.099333020723249
SC,Evo,KB,R1,TP2,10,1.2753464956176266
SC,Evo,KB,R2,TP1,1,0.5417626076346849
SC,Evo,KB,R2,TP1,2,0.6643290897680852
SC,Evo,KB,R2,TP1,3,0.6128137473783911
SC,Evo,KB,R2,TP1,4,0.6779579562765806
SC,Evo,KB,R2,TP1,5,0.9883331117067811
SC,Evo,KB,R2,TP1,6,1.4137581097821295
SC,Evo,KB,R2,TP1,7,0.481750803104638
SC,Evo,KB,R2,TP1,8,0.6469955604702216
SC,Evo,KB,R2,TP1,9,1.3304451894207148
SC,Evo,KB,R2,TP1,10,0.8341136920883986
SC,Evo,KB,R2,TP2,1,0.9398972119379725
SC,Evo,KB,R2,TP2,2,0.9395985993201896
SC,Evo,KB,R2,TP2,3,1.1195593597558842
SC,Evo,KB,R2,TP2,4,1.092418272292715
SC,Evo,KB,R2,TP2,5,1.059850833665773
SC,Evo,KB,R2,TP2,6,1.1504144416527273
SC,Evo,KB,R2,TP2,7,1.2187920653028468
SC,Evo,KB,R2,TP2,8,1.2710352759483865
SC,Evo,KB,R2,TP2,9,1.1723391399490024
SC,Evo,KB,R2,TP2,10,1.3562798466810841
SC,Evo,KB,R3,TP1,1,0.5427004378874091
SC,Evo,KB,R3,TP1,2,0.4201059608210913
SC,Evo,KB,R3,TP1,3,0.6436874925638459
SC,Evo,KB,R3,TP1,4,0.4030243859194819
SC,Evo,KB,R3,TP1,5,0.4950763911731976
SC,Evo,KB,R3,TP1,6,0.47750490494553804
SC,Evo,KB,R3,TP1,7,0.7243502259424377
SC,Evo,KB,R3,TP1,8,0.7692914249187564
SC,Evo,KB,R3,TP1,9,0.5287402980060609
SC,Evo,KB,R3,TP1,10,1.2751178703321364
SC,Evo,KB,R3,TP2,1,1.3919220621067585
SC,Evo,KB,R3,TP2,2,1.631334728414157
SC,Evo,KB,R3,TP2,3,1.6905486773560652
SC,Evo,KB,R3,TP2,4,1.564548150118162
SC,Evo,KB,R3,TP2,5,2.493713971104563
SC,Evo,KB,R3,TP2,6,1.9263686606057637
SC,Evo,KB,R3,TP2,7,2.1391721431754185
SC,Evo,KB,R3,TP2,8,1.8737661816544537
SC,Evo,KB,R3,TP2,9,1.8177436550650998
SC,Evo,KB,R3,TP2,10,1.8908290932674516
SC,CoEvo,KB,R1,TP1,1,0.4716213032107855
SC,CoEvo,KB,R1,TP1,2,0.4679493011764871
SC,CoEvo,KB,R1,TP1,3,0.5094704525147615
SC,CoEvo,KB,R1,TP1,4,0.500549400558499
SC,CoEvo,KB,R1,TP1,5,0.5148081530576298
SC,CoEvo,KB,R1,TP1,6,0.4787320161717396
SC,CoEvo,KB,R1,TP1,7,0.5285676625864052
SC,CoEvo,KB,R1,TP1,8,0.5320297026238251
SC,CoEvo,KB,R1,TP1,9,1.3010598415020214
SC,CoEvo,KB,R1,TP1,10,0.5591054685768542
SC,CoEvo,KB,R1,TP2,1,2.0068634243868524
SC,CoEvo,KB,R1,TP2,2,0.46540642810318006
SC,CoEvo,KB,R1,TP2,3,0.32964966674365276
SC,CoEvo,KB,R1,TP2,4,2.167610329197082
SC,CoEvo,KB,R1,TP2,5,1.955721347769387
SC,CoEvo,KB,R1,TP2,6,1.3385217275673102
SC,CoEvo,KB,R1,TP2,7,2.0163583724679164
SC,CoEvo,KB,R1,TP2,8,2.195194669764772
SC,CoEvo,KB,R1,TP2,9,1.9231585749645976
SC,CoEvo,KB,R1,TP2,10,1.8743307461349494
SC,CoEvo,KB,R2,TP1,1,1.4354961751922901
SC,CoEvo,KB,R2,TP1,2,0.9732018504650658
SC,CoEvo,KB,R2,TP1,3,1.1529013248602002
SC,CoEvo,KB,R2,TP1,4,1.1617383920177113
SC,CoEvo,KB,R2,TP1,5,1.1283544345140193
SC,CoEvo,KB,R2,TP1,6,0.9180564984404489
SC,CoEvo,KB,R2,TP1,7,1.0550543684926361
SC,CoEvo,KB,R2,TP1,8,1.2487839701014116
SC,CoEvo,KB,R2,TP1,9,0.9479084285744279
SC,CoEvo,KB,R2,TP1,10,1.0118955135787087
SC,CoEvo,KB,R2,TP2,1,1.5286399828297745
SC,CoEvo,KB,R2,TP2,2,2.486743232808195
SC,CoEvo,KB,R2,TP2,3,2.392647597451528
SC,CoEvo,KB,R2,TP2,4,1.9510181990393072
SC,CoEvo,KB,R2,TP2,5,1.9556700237257056
SC,CoEvo,KB,R2,TP2,6,1.843741616100819
SC,CoEvo,KB,R2,TP2,7,0.32985962874053126
SC,CoEvo,KB,R2,TP2,8,2.2949499473928547
SC,CoEvo,KB,R2,TP2,9,0.7546500750030911
SC,CoEvo,KB,R2,TP2,10,1.923419861005158
SC,CoEvo,KB,R3,TP1,1,1.564277532433296
SC,CoEvo,KB,R3,TP1,2,1.0044628588892077
SC,CoEvo,KB,R3,TP1,3,1.1257415741084196
SC,CoEvo,KB,R3,TP1,4,1.5301050509857712
SC,CoEvo,KB,R3,TP1,5,1.2811741074865448
SC,CoEvo,KB,R3,TP1,6,1.1096304902146046
SC,CoEvo,KB,R3,TP1,7,1.543076036570714
SC,CoEvo,KB,R3,TP1,8,1.4061761487837368
SC,CoEvo,KB,R3,TP1,9,1.186355269696185
SC,CoEvo,KB,R3,TP1,10,1.3988461421815983
SC,CoEvo,KB,R3,TP2,1,2.646841588339177
SC,CoEvo,KB,R3,TP2,2,2.5439088858249987
SC,CoEvo,KB,R3,TP2,3,2.6936724452874032
SC,CoEvo,KB,R3,TP2,4,2.4430758032796063
SC,CoEvo,KB,R3,TP2,5,2.952886860811526
SC,CoEvo,KB,R3,TP2,6,2.4988743704056238
SC,CoEvo,KB,R3,TP2,7,2.470590156515004
SC,CoEvo,KB,R3,TP2,8,2.4345606778506426
SC,CoEvo,KB,R3,TP2,9,2.4675340430048824
SC,CoEvo,KB,R3,TP2,10,2.4043168186558233
SC,Evo,KCl,R1,TP1,1,1.186028211604213
SC,Evo,KCl,R1,TP1,2,0.9979279418586672
SC,Evo,KCl,R1,TP1,3,1.0074532240606155
SC,Evo,KCl,R1,TP1,4,0.98897994948714
SC,Evo,KCl,R1,TP1,5,2.1443018401113347
SC,Evo,KCl,R1,TP1,6,1.007741868975826
SC,Evo,KCl,R1,TP1,7,2.226634365926155
SC,Evo,KCl,R1,TP1,8,2.061763139357078
SC,Evo,KCl,R1,TP1,9,1.0410185042008144
SC,Evo,KCl,R1,TP1,10,0.9783825576001236
SC,Evo,KCl,R1,TP2,1,1.81164544782915
SC,Evo,KCl,R1,TP2,2,1.3562874765905537
SC,Evo,KCl,R1,TP2,3,1.499702764462313
SC,Evo,KCl,R1,TP2,4,1.204075391302854
SC,Evo,KCl,R1,TP2,5,1.280799958765012
SC,Evo,KCl,R1,TP2,6,1.1912513100699278
SC,Evo,KCl,R1,TP2,7,1.4290672302115013
SC,Evo,KCl,R1,TP2,8,1.263756163771627
SC,Evo,KCl,R1,TP2,9,1.24807312337852
SC,Evo,KCl,R1,TP2,10,1.2183152071199077
SC,Evo,KCl,R2,TP1,1,1.412875624967785
SC,Evo,KCl,R2,TP1,2,1.35535281686511
SC,Evo,KCl,R2,TP1,3,0.9822174114736354
SC,Evo,KCl,R2,TP1,4,0.9775303678504544
SC,Evo,KCl,R2,TP1,5,1.20690686047111
SC,Evo,KCl,R2,TP1,6,1.3316426988299572
SC,Evo,KCl,R2,TP1,7,0.9856399154682748
SC,Evo,KCl,R2,TP1,8,0.9724584643403262
SC,Evo,KCl,R2,TP1,9,1.7027713348109206
SC,Evo,KCl,R2,TP1,10,1.665110045873924
SC,Evo,KCl,R2,TP2,1,1.0067797192584576
SC,Evo,KCl,R2,TP2,2,1.001735305740254
SC,Evo,KCl,R2,TP2,3,0.9846502757589815
SC,Evo,KCl,R2,TP2,4,0.9953026476298473
SC,Evo,KCl,R2,TP2,5,0.9774891328625673
SC,Evo,KCl,R2,TP2,6,0.9765269831451987
SC,Evo,KCl,R2,TP2,7,1.0478085322062438
SC,Evo,KCl,R2,TP2,8,0.9734618490455819
SC,Evo,KCl,R2,TP2,9,1.324481555933543
SC,Evo,KCl,R2,TP2,10,1.3363984674329503
SC,Evo,KCl,R3,TP1,1,1.0095424634469015
SC,Evo,KCl,R3,TP1,2,0.997075752108998
SC,Evo,KCl,R3,TP1,3,1.049609126677319
SC,Evo,KCl,R3,TP1,4,0.9798670171640638
SC,Evo,KCl,R3,TP1,5,0.9784512825799359
SC,Evo,KCl,R3,TP1,6,0.9731182241465217
SC,Evo,KCl,R3,TP1,7,0.9831658161950414
SC,Evo,KCl,R3,TP1,8,1.427541535659674
SC,Evo,KCl,R3,TP1,9,1.2415854852842638
SC,Evo,KCl,R3,TP1,10,1.2698726869748982
SC,Evo,KCl,R3,TP2,1,1.0519320309949658
SC,Evo,KCl,R3,TP2,2,1.0304623473016856
SC,Evo,KCl,R3,TP2,3,1.0404549593663557
SC,Evo,KCl,R3,TP2,4,1.0203735202652786
SC,Evo,KCl,R3,TP2,5,1.5781729464116971
SC,Evo,KCl,R3,TP2,6,1.1422916344518326
SC,Evo,KCl,R3,TP2,7,1.0436437984296343
SC,Evo,KCl,R3,TP2,8,1.026160163565452
SC,Evo,KCl,R3,TP2,9,1.4466195900554955
SC,Evo,KCl,R3,TP2,10,1.021871724825181
SC,CoEvo,KCl,R1,TP1,1,0.9707953198288748
SC,CoEvo,KCl,R1,TP1,2,0.9633867670051373
SC,CoEvo,KCl,R1,TP1,3,0.9669879559472878
SC,CoEvo,KCl,R1,TP1,4,0.9644176417023177
SC,CoEvo,KCl,R1,TP1,5,1.0358366407229869
SC,CoEvo,KCl,R1,TP1,6,0.972692129271687
SC,CoEvo,KCl,R1,TP1,7,1.081318832362593
SC,CoEvo,KCl,R1,TP1,8,0.9813652217239661
SC,CoEvo,KCl,R1,TP1,9,0.9615449375461745
SC,CoEvo,KCl,R1,TP1,10,0.9768706080442588
SC,CoEvo,KCl,R1,TP2,1,4.0007147397900455
SC,CoEvo,KCl,R1,TP2,2,0.9763895331855746
SC,CoEvo,KCl,R1,TP2,3,0.9602391629297459
SC,CoEvo,KCl,R1,TP2,4,4.720650138309022
SC,CoEvo,KCl,R1,TP2,5,4.789759978008007
SC,CoEvo,KCl,R1,TP2,6,1.5606068415717402
SC,CoEvo,KCl,R1,TP2,7,4.761459031321409
SC,CoEvo,KCl,R1,TP2,8,5.026407573492776
SC,CoEvo,KCl,R1,TP2,9,4.0190230744119715
SC,CoEvo,KCl,R1,TP2,10,3.864735494733949
SC,CoEvo,KCl,R2,TP1,1,0.9692558802810852
SC,CoEvo,KCl,R2,TP1,2,0.958658488394069
SC,CoEvo,KCl,R2,TP1,3,0.9653523014277614
SC,CoEvo,KCl,R2,TP1,4,0.9604865728570693
SC,CoEvo,KCl,R2,TP1,5,0.9595381681356632
SC,CoEvo,KCl,R2,TP1,6,0.9677026957373331
SC,CoEvo,KCl,R2,TP1,7,0.9698744050993934
SC,CoEvo,KCl,R2,TP1,8,0.9582049035273096
SC,CoEvo,KCl,R2,TP1,9,0.9672216208786489
SC,CoEvo,KCl,R2,TP1,10,0.9612425476350017
SC,CoEvo,KCl,R2,TP2,1,1.0008143910107727
SC,CoEvo,KCl,R2,TP2,2,2.9619229249351413
SC,CoEvo,KCl,R2,TP2,3,3.1085270518701784
SC,CoEvo,KCl,R2,TP2,4,1.7121316770613197
SC,CoEvo,KCl,R2,TP2,5,1.3634623644829305
SC,CoEvo,KCl,R2,TP2,6,1.332879748466574
SC,CoEvo,KCl,R2,TP2,7,0.9579574935999863
SC,CoEvo,KCl,R2,TP2,8,2.578561242547635
SC,CoEvo,KCl,R2,TP2,9,0.9621084823806333
SC,CoEvo,KCl,R2,TP2,10,1.5086782468257651
SC,CoEvo,KCl,R3,TP1,1,1.039822689552085
SC,CoEvo,KCl,R3,TP1,2,0.9738467089325292
SC,CoEvo,KCl,R3,TP1,3,1.0212532000068726
SC,CoEvo,KCl,R3,TP1,4,1.085002491280518
SC,CoEvo,KCl,R3,TP1,5,1.0714911602494717
SC,CoEvo,KCl,R3,TP1,6,0.9816813566311015
SC,CoEvo,KCl,R3,TP1,7,1.1402711200453586
SC,CoEvo,KCl,R3,TP1,8,0.9836194010618009
SC,CoEvo,KCl,R3,TP1,9,0.9683624555435286
SC,CoEvo,KCl,R3,TP1,10,0.9827534663161694
SC,CoEvo,KCl,R3,TP2,1,3.2665945054378644
SC,CoEvo,KCl,R3,TP2,2,2.8041578612786284
SC,CoEvo,KCl,R3,TP2,3,3.3296565469133896
SC,CoEvo,KCl,R3,TP2,4,2.990553751524836
SC,CoEvo,KCl,R3,TP2,5,4.4371870865762935
SC,CoEvo,KCl,R3,TP2,6,2.9499097984639975
SC,CoEvo,KCl,R3,TP2,7,2.7616170987749773
SC,CoEvo,KCl,R3,TP2,8,2.5483909764101504
SC,CoEvo,KCl,R3,TP2,9,2.870133841898184
SC,CoEvo,KCl,R3,TP2,10,2.731817947528478
SC,Evo,Tetra,R1,TP1,1,0.5793700388574442
SC,Evo,Tetra,R1,TP1,2,0.5803530887397331
SC,Evo,Tetra,R1,TP1,3,0.5535889562737615
SC,Evo,Tetra,R1,TP1,4,0.592647206474942
SC,Evo,Tetra,R1,TP1,5,0.5864072374050481
SC,Evo,Tetra,R1,TP1,6,0.5718772806082921
SC,Evo,Tetra,R1,TP1,7,1.5678986259779921
SC,Evo,Tetra,R1,TP1,8,0.6122902215009195
SC,Evo,Tetra,R1,TP1,9,0.5594273135015008
SC,Evo,Tetra,R1,TP1,10,0.5656193289186001
SC,Evo,Tetra,R1,TP2,1,0.6039462859146635
SC,Evo,Tetra,R1,TP2,2,0.6128356943014576
SC,Evo,Tetra,R1,TP2,3,0.7775325148244221
SC,Evo,Tetra,R1,TP2,4,0.6359733317748396
SC,Evo,Tetra,R1,TP2,5,0.6218509810268377
SC,Evo,Tetra,R1,TP2,6,0.6101862549845575
SC,Evo,Tetra,R1,TP2,7,0.6209398616237406
SC,Evo,Tetra,R1,TP2,8,0.6140585124477193
SC,Evo,Tetra,R1,TP2,9,0.5934264533328538
SC,Evo,Tetra,R1,TP2,10,0.5939299666871969
SC,Evo,Tetra,R2,TP1,1,0.6031011027841592
SC,Evo,Tetra,R2,TP1,2,0.5874382409401313
SC,Evo,Tetra,R2,TP1,3,0.5535050373813708
SC,Evo,Tetra,R2,TP1,4,0.5697793082985295
SC,Evo,Tetra,R2,TP1,5,0.5938640304146042
SC,Evo,Tetra,R2,TP1,6,0.9552307694613156
SC,Evo,Tetra,R2,TP1,7,0.555872748988103
SC,Evo,Tetra,R2,TP1,8,0.5795798360884206
SC,Evo,Tetra,R2,TP1,9,0.6252736729950502
SC,Evo,Tetra,R2,TP1,10,0.5831643716348149
SC,Evo,Tetra,R2,TP2,1,0.6483453741958397
SC,Evo,Tetra,R2,TP2,2,0.5568018510109979
SC,Evo,Tetra,R2,TP2,3,0.5687063453172508
SC,Evo,Tetra,R2,TP2,4,0.5866230288426236
SC,Evo,Tetra,R2,TP2,5,0.5635273508154368
SC,Evo,Tetra,R2,TP2,6,0.5593613772289082
SC,Evo,Tetra,R2,TP2,7,0.5772660723410823
SC,Evo,Tetra,R2,TP2,8,0.5867489071812093
SC,Evo,Tetra,R2,TP2,9,0.5572154512663511
SC,Evo,Tetra,R2,TP2,10,0.6256393195976088
SC,Evo,Tetra,R3,TP1,1,0.5808146426478809
SC,Evo,Tetra,R3,TP1,2,0.5623225152889731
SC,Evo,Tetra,R3,TP1,3,0.5745686793713876
SC,Evo,Tetra,R3,TP1,4,0.537746268231754
SC,Evo,Tetra,R3,TP1,5,0.5615192916046641
SC,Evo,Tetra,R3,TP1,6,0.5453049627534987
SC,Evo,Tetra,R3,TP1,7,0.5544341394042658
SC,Evo,Tetra,R3,TP1,8,0.582271234851516
SC,Evo,Tetra,R3,TP1,9,0.5481941703343719
SC,Evo,Tetra,R3,TP1,10,0.5807487063752883
SC,Evo,Tetra,R3,TP2,1,0.9343949073220731
SC,Evo,Tetra,R3,TP2,2,0.9457239577947911
SC,Evo,Tetra,R3,TP2,3,0.9558241959146484
SC,Evo,Tetra,R3,TP2,4,0.9198169968725227
SC,Evo,Tetra,R3,TP2,5,1.3594500914865784
SC,Evo,Tetra,R3,TP2,6,0.930330835247733
SC,Evo,Tetra,R3,TP2,7,0.9884806334677533
SC,Evo,Tetra,R3,TP2,8,1.1803551867120428
SC,Evo,Tetra,R3,TP2,9,1.0485485777995567
SC,Evo,Tetra,R3,TP2,10,1.046150895159828
SC,CoEvo,Tetra,R1,TP1,1,0.5214779915211947
SC,CoEvo,Tetra,R1,TP1,2,0.5459223660332289
SC,CoEvo,Tetra,R1,TP1,3,0.5667162687262761
SC,CoEvo,Tetra,R1,TP1,4,0.6129196131938481
SC,CoEvo,Tetra,R1,TP1,5,0.5727644231849917
SC,CoEvo,Tetra,R1,TP1,6,0.5769603678045169
SC,CoEvo,Tetra,R1,TP1,7,0.5630538084940905
SC,CoEvo,Tetra,R1,TP1,8,0.5948051208506978
SC,CoEvo,Tetra,R1,TP1,9,1.027317098024759
SC,CoEvo,Tetra,R1,TP1,10,0.5986354188676642
SC,CoEvo,Tetra,R1,TP2,1,1.9109890291033713
SC,CoEvo,Tetra,R1,TP2,2,0.4941444094282875
SC,CoEvo,Tetra,R1,TP2,3,0.5226588502212611
SC,CoEvo,Tetra,R1,TP2,4,1.6131369031830733
SC,CoEvo,Tetra,R1,TP2,5,1.648820415068836
SC,CoEvo,Tetra,R1,TP2,6,1.1062787815576245
SC,CoEvo,Tetra,R1,TP2,7,1.636736094564603
SC,CoEvo,Tetra,R1,TP2,8,1.5762905152170428
SC,CoEvo,Tetra,R1,TP2,9,1.4814621668157726
SC,CoEvo,Tetra,R1,TP2,10,1.41626318163495
SC,CoEvo,Tetra,R2,TP1,1,1.6255089456040734
SC,CoEvo,Tetra,R2,TP1,2,0.6298652352501307
SC,CoEvo,Tetra,R2,TP1,3,0.7205935463374648
SC,CoEvo,Tetra,R2,TP1,4,0.7270553010515337
SC,CoEvo,Tetra,R2,TP1,5,0.633000205301576
SC,CoEvo,Tetra,R2,TP1,6,0.5816957910179811
SC,CoEvo,Tetra,R2,TP1,7,0.5795978187082185
SC,CoEvo,Tetra,R2,TP1,8,0.6807260782453759
SC,CoEvo,Tetra,R2,TP1,9,0.6323828020218457
SC,CoEvo,Tetra,R2,TP1,10,0.6580739715065389
SC,CoEvo,Tetra,R2,TP2,1,1.7678413813049687
SC,CoEvo,Tetra,R2,TP2,2,2.9086947465274817
SC,CoEvo,Tetra,R2,TP2,3,2.818260151563514
SC,CoEvo,Tetra,R2,TP2,4,2.5099721119537963
SC,CoEvo,Tetra,R2,TP2,5,1.7885213940726286
SC,CoEvo,Tetra,R2,TP2,6,1.5533506865614384
SC,CoEvo,Tetra,R2,TP2,7,0.5914843303946735
SC,CoEvo,Tetra,R2,TP2,8,2.0191544871881324
SC,CoEvo,Tetra,R2,TP2,9,0.9237791674346743
SC,CoEvo,Tetra,R2,TP2,10,2.0433471050229954
SC,CoEvo,Tetra,R3,TP1,1,1.1311307621184126
SC,CoEvo,Tetra,R3,TP1,2,0.5661108538597446
SC,CoEvo,Tetra,R3,TP1,3,0.795658995580771
SC,CoEvo,Tetra,R3,TP1,4,0.9777569978615668
SC,CoEvo,Tetra,R3,TP1,5,0.6346606005295881
SC,CoEvo,Tetra,R3,TP1,6,0.616102536898088
SC,CoEvo,Tetra,R3,TP1,7,1.2353220612278233
SC,CoEvo,Tetra,R3,TP1,8,0.9074269718317246
SC,CoEvo,Tetra,R3,TP1,9,0.736693985263243
SC,CoEvo,Tetra,R3,TP1,10,0.9881629405179895
SC,CoEvo,Tetra,R3,TP2,1,1.8130137222374574
SC,CoEvo,Tetra,R3,TP2,2,1.8985270735833815
SC,CoEvo,Tetra,R3,TP2,3,1.8266865074905105
SC,CoEvo,Tetra,R3,TP2,4,2.137066525203391
SC,CoEvo,Tetra,R3,TP2,5,1.796014152321781
SC,CoEvo,Tetra,R3,TP2,6,2.382049748917671
SC,CoEvo,Tetra,R3,TP2,7,1.6184717470564698
SC,CoEvo,Tetra,R3,TP2,8,1.8667637728135758
SC,CoEvo,Tetra,R3,TP2,9,2.403664857914825
SC,CoEvo,Tetra,R3,TP2,10,2.0661190958938187
SM,Evo,KB,R1,TP1,1,1.5124818006950274
SM,Evo,KB,R1,TP1,2,0.9083062041179726
SM,Evo,KB,R1,TP1,3,0.89889275015262
SM,Evo,KB,R1,TP1,4,0.9611925282775574
SM,Evo,KB,R1,TP1,5,0.9139504978904746
SM,Evo,KB,R1,TP1,6,0.9307369581979822
SM,Evo,KB,R1,TP1,7,0.9168883646072078
SM,Evo,KB,R1,TP1,8,0.9593882435737118
SM,Evo,KB,R1,TP1,9,0.9463567736838935
SM,Evo,KB,R1,TP1,10,0.9455868825668072
SM,Evo,KB,R1,TP2,1,1.6939918972502368
SM,Evo,KB,R1,TP2,2,0.9468007599722742
SM,Evo,KB,R1,TP2,3,0.943229976631679
SM,Evo,KB,R1,TP2,4,0.9724952855977224
SM,Evo,KB,R1,TP2,5,0.9514153834164035
SM,Evo,KB,R1,TP2,6,1.7334405512987185
SM,Evo,KB,R1,TP2,7,0.8981323055523082
SM,Evo,KB,R1,TP2,8,1.0172859448819362
SM,Evo,KB,R1,TP2,9,1.5622554975775587
SM,Evo,KB,R1,TP2,10,1.7191904807450464
SM,Evo,KB,R2,TP1,1,0.9448878403255269
SM,Evo,KB,R2,TP1,2,0.9377037643188528
SM,Evo,KB,R2,TP1,3,1.1842389590883162
SM,Evo,KB,R2,TP1,4,1.276857332799605
SM,Evo,KB,R2,TP1,5,1.2872201617007506
SM,Evo,KB,R2,TP1,6,0.9353751979340467
SM,Evo,KB,R2,TP1,7,0.9958895843886862
SM,Evo,KB,R2,TP1,8,0.9871326633391311
SM,Evo,KB,R2,TP1,9,0.9255366507138613
SM,Evo,KB,R2,TP1,10,1.0568148943229976
SM,Evo,KB,R2,TP2,1,0.9582877243695332
SM,Evo,KB,R2,TP2,2,1.0072112347423994
SM,Evo,KB,R2,TP2,3,1.1832281817934918
SM,Evo,KB,R2,TP2,4,0.9635305411791376
SM,Evo,KB,R2,TP2,5,0.9741011934493128
SM,Evo,KB,R2,TP2,6,0.9846860154946491
SM,Evo,KB,R2,TP2,7,0.9790795077892434
SM,Evo,KB,R2,TP2,8,0.9868114817688128
SM,Evo,KB,R2,TP2,9,0.994496223164512
SM,Evo,KB,R2,TP2,10,0.979495154527302
SM,Evo,KB,R3,TP1,1,0.9524592235199374
SM,Evo,KB,R3,TP1,2,0.9003947463196957
SM,Evo,KB,R3,TP1,3,0.9148148541753013
SM,Evo,KB,R3,TP1,4,0.9310345234763653
SM,Evo,KB,R3,TP1,5,0.9281769521522114
SM,Evo,KB,R3,TP1,6,0.9321917217811878
SM,Evo,KB,R3,TP1,7,0.9373306269062772
SM,Evo,KB,R3,TP1,8,0.9593315644730671
SM,Evo,KB,R3,TP1,9,0.9047779301028606
SM,Evo,KB,R3,TP1,10,0.933613422555684
SM,Evo,KB,R3,TP2,1,0.9673138711471495
SM,Evo,KB,R3,TP2,2,0.9026760801206318
SM,Evo,KB,R3,TP2,3,1.3981080988530745
SM,Evo,KB,R3,TP2,4,1.4352754191006205
SM,Evo,KB,R3,TP2,5,1.0129783332329638
SM,Evo,KB,R3,TP2,6,1.4680595555650018
SM,Evo,KB,R3,TP2,7,0.9881245476004075
SM,Evo,KB,R3,TP2,8,0.9632424224175288
SM,Evo,KB,R3,TP2,9,1.0000366052524994
SM,Evo,KB,R3,TP2,10,1.0123595863842627
SM,CoEvo,KB,R1,TP1,1,1.5393902037259422
SM,CoEvo,KB,R1,TP1,2,0.9456104988587424
SM,CoEvo,KB,R1,TP1,3,1.148507509390428
SM,CoEvo,KB,R1,TP1,4,0.9002672183432461
SM,CoEvo,KB,R1,TP1,5,1.3723946801940785
SM,CoEvo,KB,R1,TP1,6,0.9226790793897074
SM,CoEvo,KB,R1,TP1,7,1.3263759737292364
SM,CoEvo,KB,R1,TP1,8,0.9204685944645771
SM,CoEvo,KB,R1,TP1,9,0.9465693203113099
SM,CoEvo,KB,R1,TP1,10,1.2515642841370547
SM,CoEvo,KB,R1,TP2,1,0.7095751074836486
SM,CoEvo,KB,R1,TP2,2,0.8088391057454895
SM,CoEvo,KB,R1,TP2,3,0.8343352545186822
SM,CoEvo,KB,R1,TP2,4,0.9011362978864597
SM,CoEvo,KB,R1,TP2,5,0.8201796491327505
SM,CoEvo,KB,R1,TP2,6,0.7781143099378536
SM,CoEvo,KB,R1,TP2,7,0.7924871852095885
SM,CoEvo,KB,R1,TP2,8,0.742670979001574
SM,CoEvo,KB,R1,TP2,9,0.8729242755407243
SM,CoEvo,KB,R1,TP2,10,0.7468841254828054
SM,CoEvo,KB,R2,TP1,1,0.9250501550999971
SM,CoEvo,KB,R2,TP1,2,1.0530740736804691
SM,CoEvo,KB,R2,TP1,3,1.2729181353048211
SM,CoEvo,KB,R2,TP1,4,0.9374014757820829
SM,CoEvo,KB,R2,TP1,5,1.1705651260578618
SM,CoEvo,KB,R2,TP1,6,0.9841333942633664
SM,CoEvo,KB,R2,TP1,7,0.9435180953932879
SM,CoEvo,KB,R2,TP1,8,1.181456959898355
SM,CoEvo,KB,R2,TP1,9,0.9261317812706272
SM,CoEvo,KB,R2,TP1,10,0.924105503422591
SM,CoEvo,KB,R2,TP2,1,0.9120281317269529
SM,CoEvo,KB,R2,TP2,2,0.8883929467582504
SM,CoEvo,KB,R2,TP2,3,0.9481893979380615
SM,CoEvo,KB,R2,TP2,4,0.9482649700722539
SM,CoEvo,KB,R2,TP2,5,0.9568896398869722
SM,CoEvo,KB,R2,TP2,6,0.952241953634134
SM,CoEvo,KB,R2,TP2,7,1.2384289025627218
SM,CoEvo,KB,R2,TP2,8,1.263244902128182
SM,CoEvo,KB,R2,TP2,9,0.959600790201128
SM,CoEvo,KB,R2,TP2,10,0.9093925535469899
SM,CoEvo,KB,R3,TP1,1,0.8873160438460075
SM,CoEvo,KB,R3,TP1,2,1.7557296076271172
SM,CoEvo,KB,R3,TP1,3,1.1437653579698488
SM,CoEvo,KB,R3,TP1,4,1.3645257317212849
SM,CoEvo,KB,R3,TP1,5,0.8863430526182792
SM,CoEvo,KB,R3,TP1,6,1.0097429012378478
SM,CoEvo,KB,R3,TP1,7,1.309613129713664
SM,CoEvo,KB,R3,TP1,8,0.9634974783704284
SM,CoEvo,KB,R3,TP1,9,1.3925724400234745
SM,CoEvo,KB,R3,TP1,10,0.9351673745650172
SM,CoEvo,KB,R3,TP2,1,0.8813600150199614
SM,CoEvo,KB,R3,TP2,2,1.0024124042211757
SM,CoEvo,KB,R3,TP2,3,0.9514720625170477
SM,CoEvo,KB,R3,TP2,4,1.0823724454552215
SM,CoEvo,KB,R3,TP2,5,0.9483594352399946
SM,CoEvo,KB,R3,TP2,6,0.9591237411040379
SM,CoEvo,KB,R3,TP2,7,1.0200821138470582
SM,CoEvo,KB,R3,TP2,8,1.04664571901572
SM,CoEvo,KB,R3,TP2,9,0.9555151716963464
SM,CoEvo,KB,R3,TP2,10,0.9390593394759308
SM,Evo,KCl,R1,TP1,1,1.0390261060191488
SM,Evo,KCl,R1,TP1,2,0.9540251039864541
SM,Evo,KCl,R1,TP1,3,0.8114092669619594
SM,Evo,KCl,R1,TP1,4,0.8491225056543272
SM,Evo,KCl,R1,TP1,5,0.774444485343738
SM,Evo,KCl,R1,TP1,6,0.770563142374531
SM,Evo,KCl,R1,TP1,7,0.7523793164092055
SM,Evo,KCl,R1,TP1,8,0.7734874418718789
SM,Evo,KCl,R1,TP1,9,0.746845641975763
SM,Evo,KCl,R1,TP1,10,0.817969513666499
SM,Evo,KCl,R1,TP2,1,1.2461851183830055
SM,Evo,KCl,R1,TP2,2,0.8599158292536287
SM,Evo,KCl,R1,TP2,3,1.022662298622103
SM,Evo,KCl,R1,TP2,4,0.9389128149756854
SM,Evo,KCl,R1,TP2,5,1.0383758072498088
SM,Evo,KCl,R1,TP2,6,0.9887813237465389
SM,Evo,KCl,R1,TP2,7,1.647963419671742
SM,Evo,KCl,R1,TP2,8,0.8917354797282651
SM,Evo,KCl,R1,TP2,9,1.3468996290434063
SM,Evo,KCl,R1,TP2,10,1.0911358960830746
SM,Evo,KCl,R2,TP1,1,0.9835339443687807
SM,Evo,KCl,R2,TP1,2,0.8280675492734241
SM,Evo,KCl,R2,TP1,3,0.8349672601154178
SM,Evo,KCl,R2,TP1,4,0.8448035402428601
SM,Evo,KCl,R2,TP1,5,0.8483495090039794
SM,Evo,KCl,R2,TP1,6,0.7450665227011529
SM,Evo,KCl,R2,TP1,7,0.9256287243919296
SM,Evo,KCl,R2,TP1,8,0.9238618749054203
SM,Evo,KCl,R2,TP1,9,1.1702228602512035
SM,Evo,KCl,R2,TP1,10,0.8147752788309346
SM,Evo,KCl,R2,TP2,1,0.8120186664376307
SM,Evo,KCl,R2,TP2,2,0.8043500488746558
SM,Evo,KCl,R2,TP2,3,1.2088440632630273
SM,Evo,KCl,R2,TP2,4,0.8356216488141252
SM,Evo,KCl,R2,TP2,5,1.7427598025382103
SM,Evo,KCl,R2,TP2,6,0.8595231960344043
SM,Evo,KCl,R2,TP2,7,0.8608933223723226
SM,Evo,KCl,R2,TP2,8,0.987300769315714
SM,Evo,KCl,R2,TP2,9,0.8733389774358596
SM,Evo,KCl,R2,TP2,10,0.8594495773057997
SM,Evo,KCl,R3,TP1,1,0.7270340241224035
SM,Evo,KCl,R3,TP1,2,0.8809585158464314
SM,Evo,KCl,R3,TP1,3,1.2754362932152161
SM,Evo,KCl,R3,TP1,4,0.7702604876013791
SM,Evo,KCl,R3,TP1,5,1.2941354502807736
SM,Evo,KCl,R3,TP1,6,1.3327402935751298
SM,Evo,KCl,R3,TP1,7,1.3649607571277242
SM,Evo,KCl,R3,TP1,8,0.9372645734408167
SM,Evo,KCl,R3,TP1,9,1.1332948879972842
SM,Evo,KCl,R3,TP1,10,0.764452787900353
SM,Evo,KCl,R3,TP2,1,0.8721160885551504
SM,Evo,KCl,R3,TP2,2,0.7589641026899465
SM,Evo,KCl,R3,TP2,3,1.5003251493846703
SM,Evo,KCl,R3,TP2,4,1.4646037062939923
SM,Evo,KCl,R3,TP2,5,0.9616528222557595
SM,Evo,KCl,R3,TP2,6,1.314311071847789
SM,Evo,KCl,R3,TP2,7,0.881686523273743
SM,Evo,KCl,R3,TP2,8,1.3442698044604768
SM,Evo,KCl,R3,TP2,9,0.890659828304765
SM,Evo,KCl,R3,TP2,10,0.8829666711655889
SM,CoEvo,KCl,R1,TP1,1,1.046989198496542
SM,CoEvo,KCl,R1,TP1,2,0.7314470579093099
SM,CoEvo,KCl,R1,TP1,3,1.1712903318159693
SM,CoEvo,KCl,R1,TP1,4,0.8525662261812738
SM,CoEvo,KCl,R1,TP1,5,1.1257735078915185
SM,CoEvo,KCl,R1,TP1,6,0.9422092980454226
SM,CoEvo,KCl,R1,TP1,7,1.705557805016707
SM,CoEvo,KCl,R1,TP1,8,1.0318114706159025
SM,CoEvo,KCl,R1,TP1,9,0.7897694506815865
SM,CoEvo,KCl,R1,TP1,10,1.2900087115495515
SM,CoEvo,KCl,R1,TP2,1,0.845457928941567
SM,CoEvo,KCl,R1,TP2,2,1.1339615464840922
SM,CoEvo,KCl,R1,TP2,3,1.155662711704969
SM,CoEvo,KCl,R1,TP2,4,0.8259530557907265
SM,CoEvo,KCl,R1,TP2,5,0.7880148709831781
SM,CoEvo,KCl,R1,TP2,6,1.0759786178492696
SM,CoEvo,KCl,R1,TP2,7,0.772460869600782
SM,CoEvo,KCl,R1,TP2,8,0.7703954552704874
SM,CoEvo,KCl,R1,TP2,9,0.8586847605141859
SM,CoEvo,KCl,R1,TP2,10,0.8059819306920569
SM,CoEvo,KCl,R2,TP1,1,1.06963104747181
SM,CoEvo,KCl,R2,TP1,2,0.8888030003721835
SM,CoEvo,KCl,R2,TP1,3,1.3339713623145728
SM,CoEvo,KCl,R2,TP1,4,1.3220492182100014
SM,CoEvo,KCl,R2,TP1,5,1.184627591481495
SM,CoEvo,KCl,R2,TP1,6,1.0130305149630066
SM,CoEvo,KCl,R2,TP1,7,1.0036932062183284
SM,CoEvo,KCl,R2,TP1,8,1.2251178922140014
SM,CoEvo,KCl,R2,TP1,9,1.145752812848922
SM,CoEvo,KCl,R2,TP1,10,0.7294389025901522
SM,CoEvo,KCl,R2,TP2,1,1.0690134681374053
SM,CoEvo,KCl,R2,TP2,2,0.9047291853269693
SM,CoEvo,KCl,R2,TP2,3,0.8680016196120292
SM,CoEvo,KCl,R2,TP2,4,0.9081279166308798
SM,CoEvo,KCl,R2,TP2,5,1.041120149855012
SM,CoEvo,KCl,R2,TP2,6,0.9837179911902921
SM,CoEvo,KCl,R2,TP2,7,0.9377921743291494
SM,CoEvo,KCl,R2,TP2,8,0.8930360772669456
SM,CoEvo,KCl,R2,TP2,9,0.7649272197069157
SM,CoEvo,KCl,R2,TP2,10,0.7237416309820329
SM,CoEvo,KCl,R3,TP1,1,1.0463838889502377
SM,CoEvo,KCl,R3,TP1,2,1.4175736085037811
SM,CoEvo,KCl,R3,TP1,3,1.0166705520995651
SM,CoEvo,KCl,R3,TP1,4,1.0363472022838165
SM,CoEvo,KCl,R3,TP1,5,0.7056027942397434
SM,CoEvo,KCl,R3,TP1,6,0.7571195445454657
SM,CoEvo,KCl,R3,TP1,7,1.3327771029394322
SM,CoEvo,KCl,R3,TP1,8,0.943064093283109
SM,CoEvo,KCl,R3,TP1,9,1.4968323497053206
SM,CoEvo,KCl,R3,TP1,10,1.213596561187388
SM,CoEvo,KCl,R3,TP2,1,0.9172402792603771
SM,CoEvo,KCl,R3,TP2,2,1.0368093643022782
SM,CoEvo,KCl,R3,TP2,3,1.241923411982675
SM,CoEvo,KCl,R3,TP2,4,1.0860234843744248
SM,CoEvo,KCl,R3,TP2,5,1.1264483462370605
SM,CoEvo,KCl,R3,TP2,6,1.2291260229935828
SM,CoEvo,KCl,R3,TP2,7,1.3057712993296604
SM,CoEvo,KCl,R3,TP2,8,1.1225220140448176
SM,CoEvo,KCl,R3,TP2,9,1.2455593591898668
SM,CoEvo,KCl,R3,TP2,10,1.273154112628475
SM,Evo,Tetra,R1,TP1,1,1.6172742275711678
SM,Evo,Tetra,R1,TP1,2,1.2072751642083237
SM,Evo,Tetra,R1,TP1,3,1.2108423006446964
SM,Evo,Tetra,R1,TP1,4,1.1857984699834176
SM,Evo,Tetra,R1,TP1,5,1.1161548802093844
SM,Evo,Tetra,R1,TP1,6,1.1475625667024172
SM,Evo,Tetra,R1,TP1,7,1.087243133856003
SM,Evo,Tetra,R1,TP1,8,1.1165823033622635
SM,Evo,Tetra,R1,TP1,9,1.1613720283207414
SM,Evo,Tetra,R1,TP1,10,1.2156125541039877
SM,Evo,Tetra,R1,TP2,1,1.6601959550466932
SM,Evo,Tetra,R1,TP2,2,1.1843948334566792
SM,Evo,Tetra,R1,TP2,3,1.1643006684423196
SM,Evo,Tetra,R1,TP2,4,1.1705589876931155
SM,Evo,Tetra,R1,TP2,5,1.3659388600202365
SM,Evo,Tetra,R1,TP2,6,1.6060662426734527
SM,Evo,Tetra,R1,TP2,7,1.3714320390590884
SM,Evo,Tetra,R1,TP2,8,1.167920573169171
SM,Evo,Tetra,R1,TP2,9,1.7365358408824965
SM,Evo,Tetra,R1,TP2,10,1.6720740972334902
SM,Evo,Tetra,R2,TP1,1,1.229195112073253
SM,Evo,Tetra,R2,TP1,2,1.164327052587559
SM,Evo,Tetra,R2,TP1,3,1.3637911905977458
SM,Evo,Tetra,R2,TP1,4,1.4291869329882285
SM,Evo,Tetra,R2,TP1,5,1.4274561330605209
SM,Evo,Tetra,R2,TP1,6,1.1384494829367138
SM,Evo,Tetra,R2,TP1,7,1.2163196491964048
SM,Evo,Tetra,R2,TP1,8,1.2407355372009852
SM,Evo,Tetra,R2,TP1,9,1.2580118755037724
SM,Evo,Tetra,R2,TP1,10,1.4970258472278837
SM,Evo,Tetra,R2,TP2,1,1.2103040640818117
SM,Evo,Tetra,R2,TP2,2,1.0881085338198568
SM,Evo,Tetra,R2,TP2,3,1.488202989059814
SM,Evo,Tetra,R2,TP2,4,1.2319179558619633
SM,Evo,Tetra,R2,TP2,5,1.2945644703184962
SM,Evo,Tetra,R2,TP2,6,1.2201347965980283
SM,Evo,Tetra,R2,TP2,7,1.2080455812493156
SM,Evo,Tetra,R2,TP2,8,1.2413634798576838
SM,Evo,Tetra,R2,TP2,9,1.220768016083775
SM,Evo,Tetra,R2,TP2,10,1.2275170804360245
SM,Evo,Tetra,R3,TP1,1,1.1381803646552713
SM,Evo,Tetra,R3,TP1,2,1.1655565537557169
SM,Evo,Tetra,R3,TP1,3,1.255225709766487
SM,Evo,Tetra,R3,TP1,4,1.1380906585614572
SM,Evo,Tetra,R3,TP1,5,1.2450783675073973
SM,Evo,Tetra,R3,TP1,6,1.2808710989392253
SM,Evo,Tetra,R3,TP1,7,1.2124464566752546
SM,Evo,Tetra,R3,TP1,8,1.2312794595471688
SM,Evo,Tetra,R3,TP1,9,1.3148855389819147
SM,Evo,Tetra,R3,TP1,10,1.2779107978433597
SM,Evo,Tetra,R3,TP2,1,1.182600711580397
SM,Evo,Tetra,R3,TP2,2,1.048532315960693
SM,Evo,Tetra,R3,TP2,3,1.5229667388273038
SM,Evo,Tetra,R3,TP2,4,1.6434209155034556
SM,Evo,Tetra,R3,TP2,5,1.196441834173009
SM,Evo,Tetra,R3,TP2,6,1.7043102458870414
SM,Evo,Tetra,R3,TP2,7,1.2331474570301215
SM,Evo,Tetra,R3,TP2,8,1.1120072925777442
SM,Evo,Tetra,R3,TP2,9,1.2290262535437202
SM,Evo,Tetra,R3,TP2,10,1.2280711474860526
SM,CoEvo,Tetra,R1,TP1,1,1.691925528111647
SM,CoEvo,Tetra,R1,TP1,2,1.0572707448639962
SM,CoEvo,Tetra,R1,TP1,3,1.6159128056768124
SM,CoEvo,Tetra,R1,TP1,4,1.1191785032538246
SM,CoEvo,Tetra,R1,TP1,5,1.692680114665495
SM,CoEvo,Tetra,R1,TP1,6,1.1146615375888318
SM,CoEvo,Tetra,R1,TP1,7,1.7895257581813937
SM,CoEvo,Tetra,R1,TP1,8,1.2130638456738576
SM,CoEvo,Tetra,R1,TP1,9,1.1346765501674732
SM,CoEvo,Tetra,R1,TP1,10,1.6959728559913774
SM,CoEvo,Tetra,R1,TP2,1,1.091712608059565
SM,CoEvo,Tetra,R1,TP2,2,1.2213906819114257
SM,CoEvo,Tetra,R1,TP2,3,1.2022938375871173
SM,CoEvo,Tetra,R1,TP2,4,1.2724598334368908
SM,CoEvo,Tetra,R1,TP2,5,1.3486466912303057
SM,CoEvo,Tetra,R1,TP2,6,1.2326092204672368
SM,CoEvo,Tetra,R1,TP2,7,1.2946014081218313
SM,CoEvo,Tetra,R1,TP2,8,1.0988204967870705
SM,CoEvo,Tetra,R1,TP2,9,1.3866345835460554
SM,CoEvo,Tetra,R1,TP2,10,1.2352001435297502
SM,CoEvo,Tetra,R2,TP1,1,1.1015380637467334
SM,CoEvo,Tetra,R2,TP1,2,1.1840412859104705
SM,CoEvo,Tetra,R2,TP1,3,1.5290825836938065
SM,CoEvo,Tetra,R2,TP1,4,1.201576188836604
SM,CoEvo,Tetra,R2,TP1,5,1.6227937907552594
SM,CoEvo,Tetra,R2,TP1,6,1.4476927724591737
SM,CoEvo,Tetra,R2,TP1,7,1.2380338007284661
SM,CoEvo,Tetra,R2,TP1,8,1.6400279144256633
SM,CoEvo,Tetra,R2,TP1,9,1.1989641584578992
SM,CoEvo,Tetra,R2,TP1,10,1.1258009237089246
SM,CoEvo,Tetra,R2,TP2,1,1.3134766256261285
SM,CoEvo,Tetra,R2,TP2,2,1.2163671406578358
SM,CoEvo,Tetra,R2,TP2,3,1.2429570822301463
SM,CoEvo,Tetra,R2,TP2,4,1.2306779010357094
SM,CoEvo,Tetra,R2,TP2,5,1.3098883818735643
SM,CoEvo,Tetra,R2,TP2,6,1.3328531418899754
SM,CoEvo,Tetra,R2,TP2,7,1.594256699264278
SM,CoEvo,Tetra,R2,TP2,8,1.743865356430014
SM,CoEvo,Tetra,R2,TP2,9,1.3370746051282862
SM,CoEvo,Tetra,R2,TP2,10,1.1617466831831416
SM,CoEvo,Tetra,R3,TP1,1,1.0872747948302905
SM,CoEvo,Tetra,R3,TP1,2,1.715745134433816
SM,CoEvo,Tetra,R3,TP1,3,1.630424085558506
SM,CoEvo,Tetra,R3,TP1,4,1.678860099389075
SM,CoEvo,Tetra,R3,TP1,5,1.094820660368771
SM,CoEvo,Tetra,R3,TP1,6,1.5121017478177015
SM,CoEvo,Tetra,R3,TP1,7,1.8614700454203061
SM,CoEvo,Tetra,R3,TP1,8,1.4762984627277773
SM,CoEvo,Tetra,R3,TP1,9,1.7958843371840993
SM,CoEvo,Tetra,R3,TP1,10,1.2710509200811049
SM,CoEvo,Tetra,R3,TP2,1,1.307355503930578
SM,CoEvo,Tetra,R3,TP2,2,1.3358820417634634
SM,CoEvo,Tetra,R3,TP2,3,1.3498867460565596
SM,CoEvo,Tetra,R3,TP2,4,1.3799910557747637
SM,CoEvo,Tetra,R3,TP2,5,1.4070981265937672
SM,CoEvo,Tetra,R3,TP2,6,1.4624731706223095
SM,CoEvo,Tetra,R3,TP2,7,1.470024312989838
SM,CoEvo,Tetra,R3,TP2,8,1.4167388932642597
SM,CoEvo,Tetra,R3,TP2,9,1.4612278389670077
SM,CoEvo,Tetra,R3,TP2,10,1.5237582631844873
