Replicate	Cluster	Clone	Clone letter	Time of emergence
NP_Sc_r03	1	A	A	1
NP_Sc_r03	6	AB	B	2
NP_Sc_r03	5	ABC	C	3
NP_Sc_r03	2	ABCD	D	4
NP_Sc_r03	4	E	E	7
NP_Sc_r03	3	F	F	8
NP_Sc_r03	0	FG	G	11
PS_Sc_r02	1	A	A	2
PS_Sc_r02	5	B	B	4
PS_Sc_r02	2	BC	C	7
PS_Sc_r02	3	BCD	D	8
PS_Sc_r02	4	BCE	E	8
PS_Sc_r02	0	BCEF	F	18
PS_Sc_r01	4	A	A	3
PS_Sc_r01	3	AB	B	7
PS_Sc_r01	0	AC	C	8
PS_Sc_r01	5	ACD	D	11
PS_Sc_r01	2	ACE	E	13
PS_Sc_r01	1	ABF	F	17
PS_Ct_r03	6	A	A	1
PS_Ct_r03	5	AB	B	2
PS_Ct_r03	2	AC	C	13
PS_Ct_r03	1	AD	D	19
PS_Ct_r03	4	ADE	E	19
PS_Ct_r03	3	ADF	F	20
PS_Ct_r03	0	ADFG	G	21
NP_Ct_r01	1	A	A	2
NP_Ct_r01	4	AB	B	6
NP_Ct_r01	5	AC	C	7
NP_Ct_r01	6	ACD	D	7
NP_Ct_r01	0	ACE	E	8
NP_Ct_r01	2	ACDF	F	9
NP_Ct_r01	3	AG	G	13
PS_Pf_r01	1	A	A	1
PS_Pf_r01	4	B	B	5
PS_Pf_r01	2	AC	C	8
PS_Pf_r01	3	BD	D	10
PS_Pf_r01	0	BDE	E	19
NP_Pf_r02	0	A	A	2
NP_Pf_r02	4	B	B	4
NP_Pf_r02	2	BC	C	7
NP_Pf_r02	3	AD	D	8
NP_Pf_r02	5	AE	E	8
NP_Pf_r02	1	BF	F	12
PS_Bd_r01	6	A	A	1
PS_Bd_r01	5	AB	B	2
PS_Bd_r01	1	AC	C	3
PS_Bd_r01	0	AD	D	7
PS_Bd_r01	4	ACE	E	8
PS_Bd_r01	3	ADF	F	10
PS_Bd_r01	2	ADG	G	19
PS_Ct_r01	0	A	A	4
PS_Ct_r01	5	B	B	4
PS_Ct_r01	3	C	C	10
PS_Ct_r01	2	CD	D	10
PS_Ct_r01	4	E	E	11
PS_Ct_r01	6	F	F	14
PS_Ct_r01	1	FG	G	19
PS_Ct_r01	7	FH	H	21
NP_Ct_r02	4	A	A	2
NP_Ct_r02	1	AB	B	3
NP_Ct_r02	0	AC	C	7
NP_Ct_r02	2	ACD	D	7
NP_Ct_r02	8	ACDE	E	7
NP_Ct_r02	3	ACDEF	F	8
NP_Ct_r02	6	ACDEG	G	8
NP_Ct_r02	7	ACDEH	H	10
NP_Ct_r02	5	ACDEHI	I	15
NP_Sm_r01	4	A	A	1
NP_Sm_r01	3	AB	B	2
NP_Sm_r01	1	C	C	4
NP_Sm_r01	5	ABD	D	8
NP_Sm_r01	0	ABDE	E	8
NP_Sm_r01	2	ABDF	F	13
PS_Sc_r03	5	A	A	1
PS_Sc_r03	6	AB	B	1
PS_Sc_r03	3	ABC	C	4
PS_Sc_r03	1	AD	D	6
PS_Sc_r03	4	ADE	E	7
PS_Sc_r03	2	ADF	F	14
PS_Sc_r03	0	ADFG	G	18
NP_Pf_r03	3	A	A	1
NP_Pf_r03	4	AB	B	5
NP_Pf_r03	1	ABC	C	12
NP_Pf_r03	2	ABD	D	12
NP_Pf_r03	0	ABE	E	23
PS_Sm_r01	0	A	A	2
PS_Sm_r01	2	B	B	4
PS_Sm_r01	4	BC	C	4
PS_Sm_r01	3	BCD	D	14
PS_Sm_r01	1	BE	E	20
PS_Sm_r02	2	A	A	1
PS_Sm_r02	0	B	B	3
PS_Sm_r02	5	BC	C	11
PS_Sm_r02	3	BD	D	12
PS_Sm_r02	4	BCE	E	21
PS_Sm_r02	1	BCEF	F	21
NP_Sm_r02	2	A	A	1
NP_Sm_r02	0	B	B	1
NP_Sm_r02	5	AC	C	3
NP_Sm_r02	1	BD	D	6
NP_Sm_r02	3	AE	E	8
NP_Sm_r02	4	ACF	F	9
NP_Bd_r01	4	A	A	1
NP_Bd_r01	3	B	B	2
NP_Bd_r01	0	C	C	4
NP_Bd_r01	2	CD	D	4
NP_Bd_r01	6	CE	E	4
NP_Bd_r01	5	CEF	F	6
NP_Bd_r01	1	CEG	G	11
NP_Sc_r01	1	A	A	2
NP_Sc_r01	3	AB	B	3
NP_Sc_r01	5	AC	C	4
NP_Sc_r01	2	D	D	7
NP_Sc_r01	4	E	E	7
NP_Sc_r01	0	DF	F	11
NP_Bd_r02	3	A	A	1
NP_Bd_r02	4	B	B	1
NP_Bd_r02	1	C	C	4
NP_Bd_r02	0	CD	D	6
NP_Bd_r02	5	CE	E	8
NP_Bd_r02	2	CF	F	10
NP_Bd_r03	2	A	A	1
NP_Bd_r03	0	B	B	4
NP_Bd_r03	1	C	C	4
NP_Bd_r03	3	D	D	6
NP_Ct_r03	7	A	A	1
NP_Ct_r03	0	AB	B	2
NP_Ct_r03	6	AC	C	8
NP_Ct_r03	1	ACD	D	8
NP_Ct_r03	4	ACE	E	8
NP_Ct_r03	2	ACDF	F	11
NP_Ct_r03	5	ACDG	G	11
NP_Ct_r03	3	ACDH	H	13
NP_Pf_r01	5	A	A	3
NP_Pf_r01	2	B	B	5
NP_Pf_r01	1	C	C	9
NP_Pf_r01	3	AD	D	9
NP_Pf_r01	0	CE	E	11
NP_Pf_r01	6	CF	F	12
NP_Pf_r01	4	CFG	G	15
PS_Sm_r03	2	A	A	2
PS_Sm_r03	4	B	B	2
PS_Sm_r03	3	BC	C	4
PS_Sm_r03	0	AD	D	9
PS_Sm_r03	5	BE	E	11
PS_Sm_r03	1	BEF	F	20
PS_Pf_r03	4	A	A	3
PS_Pf_r03	1	B	B	4
PS_Pf_r03	0	BC	C	14
PS_Pf_r03	3	D	D	16
PS_Pf_r03	2	E	E	17
PS_Pf_r03	5	DF	F	21
PS_Pf_r03	6	DFG	G	26
NP_Sc_r02	6	A	A	0
NP_Sc_r02	1	B	B	2
NP_Sc_r02	5	BC	C	3
NP_Sc_r02	3	BCD	D	4
NP_Sc_r02	0	BCDE	E	5
NP_Sc_r02	2	BCDF	F	7
NP_Sc_r02	4	BCDG	G	8
PS_Bd_r03	4	A	A	1
PS_Bd_r03	3	B	B	2
PS_Bd_r03	0	C	C	5
PS_Bd_r03	5	CD	D	9
PS_Bd_r03	2	CDE	E	11
PS_Bd_r03	1	CDEF	F	16
PS_Bd_r03	6	CDG	G	19
PS_Pf_r02	0	A	A	1
PS_Pf_r02	5	AB	B	10
PS_Pf_r02	3	C	C	10
PS_Pf_r02	4	ABD	D	12
PS_Pf_r02	1	AE	E	17
PS_Pf_r02	2	AEF	F	19
PS_Pf_r02	6	AEG	G	24
PS_Ct_r02	4	A	A	1
PS_Ct_r02	0	B	B	2
PS_Ct_r02	3	BC	C	4
PS_Ct_r02	6	BCD	D	6
PS_Ct_r02	1	E	E	7
PS_Ct_r02	7	F	F	7
PS_Ct_r02	5	BG	G	14
PS_Ct_r02	2	BGH	H	15
NP_Sm_r03	4	A	A	3
NP_Sm_r03	2	B	B	5
NP_Sm_r03	0	BC	C	9
NP_Sm_r03	1	BCD	D	9
NP_Sm_r03	3	BCE	E	10
PS_Bd_r02	4	A	A	1
PS_Bd_r02	2	AB	B	1
PS_Bd_r02	5	AC	C	2
PS_Bd_r02	1	ACD	D	6
PS_Bd_r02	0	ACDE	E	7
PS_Bd_r02	6	ABF	F	13
PS_Bd_r02	3	ACDEG	G	21
