mutation_id	sample_id	cluster_id	cellular_prevalence	cellular_prevalence_std	cluster_assignment_prob
HAMBI_0018_chrm01_circ_307329	PS_Bd_r03_2015_08_24_L001-L004_merged	0	0.0065	0.0103	1.0000
HAMBI_0018_chrm01_circ_307329	PS_Bd_r03_2015_09_21_L001-L004_merged	0	0.0083	0.0122	1.0000
HAMBI_0018_chrm01_circ_307329	PS_Bd_r03_2015_10_19_L001-L004_merged	0	0.0131	0.0171	1.0000
HAMBI_0018_chrm01_circ_307329	PS_Bd_r03_2015_11_16_L002	0	0.0160	0.0118	1.0000
HAMBI_0018_chrm01_circ_307329	PS_Bd_r03_2015_12_14_L002	0	0.0412	0.0205	1.0000
HAMBI_0018_chrm01_circ_307329	PS_Bd_r03_2016_01_11_L001	0	0.5574	0.0433	1.0000
HAMBI_0018_chrm01_circ_307329	PS_Bd_r03_2016_02_08_L001	0	0.8340	0.0339	1.0000
HAMBI_0018_chrm01_circ_307329	PS_Bd_r03_2016_03_07_L001	0	0.7294	0.0429	1.0000
HAMBI_0018_chrm01_circ_307329	PS_Bd_r03_2016_04_03_L002	0	0.1283	0.0423	1.0000
HAMBI_0018_chrm01_circ_307329	PS_Bd_r03_2016_05_04_L001	0	0.6518	0.0583	1.0000
HAMBI_0018_chrm01_circ_307329	PS_Bd_r03_2016_05_30_L001	0	0.9167	0.0268	1.0000
HAMBI_0018_chrm01_circ_307329	PS_Bd_r03_2016_07_25_L003	0	0.9044	0.0323	1.0000
HAMBI_0018_chrm01_circ_307329	PS_Bd_r03_2016_08_22_L003	0	0.7824	0.0393	1.0000
HAMBI_0018_chrm01_circ_307329	PS_Bd_r03_2016_09_19_L003	0	0.7396	0.0456	1.0000
HAMBI_0018_chrm01_circ_307329	PS_Bd_r03_2016_10_17_L001	0	0.9008	0.0315	1.0000
HAMBI_0018_chrm01_circ_307329	PS_Bd_r03_2016_11_14_L001	0	0.9194	0.0294	1.0000
HAMBI_0018_chrm01_circ_307329	PS_Bd_r03_2016_12_12_L001	0	0.9265	0.0238	1.0000
HAMBI_0018_chrm01_circ_307329	PS_Bd_r03_2017_01_09_L001	0	0.9078	0.0439	1.0000
HAMBI_0018_chrm01_circ_307329	PS_Bd_r03_2017_04_03_L001	0	0.9695	0.0176	1.0000
HAMBI_0018_chrm01_circ_307329	PS_Bd_r03_2017_05_29_L001	0	0.9036	0.0347	1.0000
HAMBI_0018_chrm01_circ_307329	PS_Bd_r03_2017_06_26_L001	0	0.8076	0.0369	1.0000
HAMBI_0018_chrm01_circ_307329	PS_Bd_r03_2017_07_24_L001	0	0.9222	0.0284	1.0000
HAMBI_0018_chrm01_circ_307329	PS_Bd_r03_2017_08_21_L001	0	0.9068	0.0269	1.0000
HAMBI_0018_chrm01_circ_307329	PS_Bd_r03_2017_09_18_L002	0	0.9378	0.0230	1.0000
HAMBI_0018_chrm01_circ_1051873	PS_Bd_r03_2015_08_24_L001-L004_merged	1	0.0000	0.0002	1.0000
HAMBI_0018_chrm01_circ_1051873	PS_Bd_r03_2015_09_21_L001-L004_merged	1	0.0000	0.0004	1.0000
HAMBI_0018_chrm01_circ_1051873	PS_Bd_r03_2015_10_19_L001-L004_merged	1	0.0000	0.0006	1.0000
HAMBI_0018_chrm01_circ_1051873	PS_Bd_r03_2015_11_16_L002	1	0.0000	0.0001	1.0000
HAMBI_0018_chrm01_circ_1051873	PS_Bd_r03_2015_12_14_L002	1	0.0000	0.0002	1.0000
HAMBI_0018_chrm01_circ_1051873	PS_Bd_r03_2016_01_11_L001	1	0.0000	0.0000	1.0000
HAMBI_0018_chrm01_circ_1051873	PS_Bd_r03_2016_02_08_L001	1	0.0000	0.0001	1.0000
HAMBI_0018_chrm01_circ_1051873	PS_Bd_r03_2016_03_07_L001	1	0.0000	0.0001	1.0000
HAMBI_0018_chrm01_circ_1051873	PS_Bd_r03_2016_04_03_L002	1	0.0000	0.0005	1.0000
HAMBI_0018_chrm01_circ_1051873	PS_Bd_r03_2016_05_04_L001	1	0.0000	0.0005	1.0000
HAMBI_0018_chrm01_circ_1051873	PS_Bd_r03_2016_05_30_L001	1	0.0044	0.0050	1.0000
HAMBI_0018_chrm01_circ_1051873	PS_Bd_r03_2016_07_25_L003	1	0.0121	0.0041	1.0000
HAMBI_0018_chrm01_circ_1051873	PS_Bd_r03_2016_08_22_L003	1	0.0276	0.0060	1.0000
HAMBI_0018_chrm01_circ_1051873	PS_Bd_r03_2016_09_19_L003	1	0.0283	0.0067	1.0000
HAMBI_0018_chrm01_circ_1051873	PS_Bd_r03_2016_10_17_L001	1	0.0197	0.0054	1.0000
HAMBI_0018_chrm01_circ_1051873	PS_Bd_r03_2016_11_14_L001	1	0.0630	0.0087	1.0000
HAMBI_0018_chrm01_circ_1051873	PS_Bd_r03_2016_12_12_L001	1	0.1150	0.0102	1.0000
HAMBI_0018_chrm01_circ_1051873	PS_Bd_r03_2017_01_09_L001	1	0.1246	0.0175	1.0000
HAMBI_0018_chrm01_circ_1051873	PS_Bd_r03_2017_04_03_L001	1	0.1112	0.0113	1.0000
HAMBI_0018_chrm01_circ_1051873	PS_Bd_r03_2017_05_29_L001	1	0.1239	0.0129	1.0000
HAMBI_0018_chrm01_circ_1051873	PS_Bd_r03_2017_06_26_L001	1	0.1408	0.0107	1.0000
HAMBI_0018_chrm01_circ_1051873	PS_Bd_r03_2017_07_24_L001	1	0.1451	0.0136	1.0000
HAMBI_0018_chrm01_circ_1051873	PS_Bd_r03_2017_08_21_L001	1	0.1202	0.0099	1.0000
HAMBI_0018_chrm01_circ_1051873	PS_Bd_r03_2017_09_18_L002	1	0.0816	0.0090	1.0000
HAMBI_0018_chrm01_circ_150382	PS_Bd_r03_2015_08_24_L001-L004_merged	1	0.0000	0.0002	1.0000
HAMBI_0018_chrm01_circ_150382	PS_Bd_r03_2015_09_21_L001-L004_merged	1	0.0000	0.0004	1.0000
HAMBI_0018_chrm01_circ_150382	PS_Bd_r03_2015_10_19_L001-L004_merged	1	0.0000	0.0006	1.0000
HAMBI_0018_chrm01_circ_150382	PS_Bd_r03_2015_11_16_L002	1	0.0000	0.0001	1.0000
HAMBI_0018_chrm01_circ_150382	PS_Bd_r03_2015_12_14_L002	1	0.0000	0.0002	1.0000
HAMBI_0018_chrm01_circ_150382	PS_Bd_r03_2016_01_11_L001	1	0.0000	0.0000	1.0000
HAMBI_0018_chrm01_circ_150382	PS_Bd_r03_2016_02_08_L001	1	0.0000	0.0001	1.0000
HAMBI_0018_chrm01_circ_150382	PS_Bd_r03_2016_03_07_L001	1	0.0000	0.0001	1.0000
HAMBI_0018_chrm01_circ_150382	PS_Bd_r03_2016_04_03_L002	1	0.0000	0.0005	1.0000
HAMBI_0018_chrm01_circ_150382	PS_Bd_r03_2016_05_04_L001	1	0.0000	0.0005	1.0000
HAMBI_0018_chrm01_circ_150382	PS_Bd_r03_2016_05_30_L001	1	0.0044	0.0050	1.0000
HAMBI_0018_chrm01_circ_150382	PS_Bd_r03_2016_07_25_L003	1	0.0121	0.0041	1.0000
HAMBI_0018_chrm01_circ_150382	PS_Bd_r03_2016_08_22_L003	1	0.0276	0.0060	1.0000
HAMBI_0018_chrm01_circ_150382	PS_Bd_r03_2016_09_19_L003	1	0.0283	0.0067	1.0000
HAMBI_0018_chrm01_circ_150382	PS_Bd_r03_2016_10_17_L001	1	0.0197	0.0054	1.0000
HAMBI_0018_chrm01_circ_150382	PS_Bd_r03_2016_11_14_L001	1	0.0630	0.0087	1.0000
HAMBI_0018_chrm01_circ_150382	PS_Bd_r03_2016_12_12_L001	1	0.1150	0.0102	1.0000
HAMBI_0018_chrm01_circ_150382	PS_Bd_r03_2017_01_09_L001	1	0.1246	0.0175	1.0000
HAMBI_0018_chrm01_circ_150382	PS_Bd_r03_2017_04_03_L001	1	0.1112	0.0113	1.0000
HAMBI_0018_chrm01_circ_150382	PS_Bd_r03_2017_05_29_L001	1	0.1239	0.0129	1.0000
HAMBI_0018_chrm01_circ_150382	PS_Bd_r03_2017_06_26_L001	1	0.1408	0.0107	1.0000
HAMBI_0018_chrm01_circ_150382	PS_Bd_r03_2017_07_24_L001	1	0.1451	0.0136	1.0000
HAMBI_0018_chrm01_circ_150382	PS_Bd_r03_2017_08_21_L001	1	0.1202	0.0099	1.0000
HAMBI_0018_chrm01_circ_150382	PS_Bd_r03_2017_09_18_L002	1	0.0816	0.0090	1.0000
HAMBI_0018_chrm01_circ_166249	PS_Bd_r03_2015_08_24_L001-L004_merged	1	0.0000	0.0002	1.0000
HAMBI_0018_chrm01_circ_166249	PS_Bd_r03_2015_09_21_L001-L004_merged	1	0.0000	0.0004	1.0000
HAMBI_0018_chrm01_circ_166249	PS_Bd_r03_2015_10_19_L001-L004_merged	1	0.0000	0.0006	1.0000
HAMBI_0018_chrm01_circ_166249	PS_Bd_r03_2015_11_16_L002	1	0.0000	0.0001	1.0000
HAMBI_0018_chrm01_circ_166249	PS_Bd_r03_2015_12_14_L002	1	0.0000	0.0002	1.0000
HAMBI_0018_chrm01_circ_166249	PS_Bd_r03_2016_01_11_L001	1	0.0000	0.0000	1.0000
HAMBI_0018_chrm01_circ_166249	PS_Bd_r03_2016_02_08_L001	1	0.0000	0.0001	1.0000
HAMBI_0018_chrm01_circ_166249	PS_Bd_r03_2016_03_07_L001	1	0.0000	0.0001	1.0000
HAMBI_0018_chrm01_circ_166249	PS_Bd_r03_2016_04_03_L002	1	0.0000	0.0005	1.0000
HAMBI_0018_chrm01_circ_166249	PS_Bd_r03_2016_05_04_L001	1	0.0000	0.0005	1.0000
HAMBI_0018_chrm01_circ_166249	PS_Bd_r03_2016_05_30_L001	1	0.0044	0.0050	1.0000
HAMBI_0018_chrm01_circ_166249	PS_Bd_r03_2016_07_25_L003	1	0.0121	0.0041	1.0000
HAMBI_0018_chrm01_circ_166249	PS_Bd_r03_2016_08_22_L003	1	0.0276	0.0060	1.0000
HAMBI_0018_chrm01_circ_166249	PS_Bd_r03_2016_09_19_L003	1	0.0283	0.0067	1.0000
HAMBI_0018_chrm01_circ_166249	PS_Bd_r03_2016_10_17_L001	1	0.0197	0.0054	1.0000
HAMBI_0018_chrm01_circ_166249	PS_Bd_r03_2016_11_14_L001	1	0.0630	0.0087	1.0000
HAMBI_0018_chrm01_circ_166249	PS_Bd_r03_2016_12_12_L001	1	0.1150	0.0102	1.0000
HAMBI_0018_chrm01_circ_166249	PS_Bd_r03_2017_01_09_L001	1	0.1246	0.0175	1.0000
HAMBI_0018_chrm01_circ_166249	PS_Bd_r03_2017_04_03_L001	1	0.1112	0.0113	1.0000
HAMBI_0018_chrm01_circ_166249	PS_Bd_r03_2017_05_29_L001	1	0.1239	0.0129	1.0000
HAMBI_0018_chrm01_circ_166249	PS_Bd_r03_2017_06_26_L001	1	0.1408	0.0107	1.0000
HAMBI_0018_chrm01_circ_166249	PS_Bd_r03_2017_07_24_L001	1	0.1451	0.0136	1.0000
HAMBI_0018_chrm01_circ_166249	PS_Bd_r03_2017_08_21_L001	1	0.1202	0.0099	1.0000
HAMBI_0018_chrm01_circ_166249	PS_Bd_r03_2017_09_18_L002	1	0.0816	0.0090	1.0000
HAMBI_0018_chrm01_circ_1853587	PS_Bd_r03_2015_08_24_L001-L004_merged	1	0.0000	0.0002	1.0000
HAMBI_0018_chrm01_circ_1853587	PS_Bd_r03_2015_09_21_L001-L004_merged	1	0.0000	0.0004	1.0000
HAMBI_0018_chrm01_circ_1853587	PS_Bd_r03_2015_10_19_L001-L004_merged	1	0.0000	0.0006	1.0000
HAMBI_0018_chrm01_circ_1853587	PS_Bd_r03_2015_11_16_L002	1	0.0000	0.0001	1.0000
HAMBI_0018_chrm01_circ_1853587	PS_Bd_r03_2015_12_14_L002	1	0.0000	0.0002	1.0000
HAMBI_0018_chrm01_circ_1853587	PS_Bd_r03_2016_01_11_L001	1	0.0000	0.0000	1.0000
HAMBI_0018_chrm01_circ_1853587	PS_Bd_r03_2016_02_08_L001	1	0.0000	0.0001	1.0000
HAMBI_0018_chrm01_circ_1853587	PS_Bd_r03_2016_03_07_L001	1	0.0000	0.0001	1.0000
HAMBI_0018_chrm01_circ_1853587	PS_Bd_r03_2016_04_03_L002	1	0.0000	0.0005	1.0000
HAMBI_0018_chrm01_circ_1853587	PS_Bd_r03_2016_05_04_L001	1	0.0000	0.0005	1.0000
HAMBI_0018_chrm01_circ_1853587	PS_Bd_r03_2016_05_30_L001	1	0.0044	0.0050	1.0000
HAMBI_0018_chrm01_circ_1853587	PS_Bd_r03_2016_07_25_L003	1	0.0121	0.0041	1.0000
HAMBI_0018_chrm01_circ_1853587	PS_Bd_r03_2016_08_22_L003	1	0.0276	0.0060	1.0000
HAMBI_0018_chrm01_circ_1853587	PS_Bd_r03_2016_09_19_L003	1	0.0283	0.0067	1.0000
HAMBI_0018_chrm01_circ_1853587	PS_Bd_r03_2016_10_17_L001	1	0.0197	0.0054	1.0000
HAMBI_0018_chrm01_circ_1853587	PS_Bd_r03_2016_11_14_L001	1	0.0630	0.0087	1.0000
HAMBI_0018_chrm01_circ_1853587	PS_Bd_r03_2016_12_12_L001	1	0.1150	0.0102	1.0000
HAMBI_0018_chrm01_circ_1853587	PS_Bd_r03_2017_01_09_L001	1	0.1246	0.0175	1.0000
HAMBI_0018_chrm01_circ_1853587	PS_Bd_r03_2017_04_03_L001	1	0.1112	0.0113	1.0000
HAMBI_0018_chrm01_circ_1853587	PS_Bd_r03_2017_05_29_L001	1	0.1239	0.0129	1.0000
HAMBI_0018_chrm01_circ_1853587	PS_Bd_r03_2017_06_26_L001	1	0.1408	0.0107	1.0000
HAMBI_0018_chrm01_circ_1853587	PS_Bd_r03_2017_07_24_L001	1	0.1451	0.0136	1.0000
HAMBI_0018_chrm01_circ_1853587	PS_Bd_r03_2017_08_21_L001	1	0.1202	0.0099	1.0000
HAMBI_0018_chrm01_circ_1853587	PS_Bd_r03_2017_09_18_L002	1	0.0816	0.0090	1.0000
HAMBI_0018_chrm01_circ_1870023	PS_Bd_r03_2015_08_24_L001-L004_merged	1	0.0000	0.0002	1.0000
HAMBI_0018_chrm01_circ_1870023	PS_Bd_r03_2015_09_21_L001-L004_merged	1	0.0000	0.0004	1.0000
HAMBI_0018_chrm01_circ_1870023	PS_Bd_r03_2015_10_19_L001-L004_merged	1	0.0000	0.0006	1.0000
HAMBI_0018_chrm01_circ_1870023	PS_Bd_r03_2015_11_16_L002	1	0.0000	0.0001	1.0000
HAMBI_0018_chrm01_circ_1870023	PS_Bd_r03_2015_12_14_L002	1	0.0000	0.0002	1.0000
HAMBI_0018_chrm01_circ_1870023	PS_Bd_r03_2016_01_11_L001	1	0.0000	0.0000	1.0000
HAMBI_0018_chrm01_circ_1870023	PS_Bd_r03_2016_02_08_L001	1	0.0000	0.0001	1.0000
HAMBI_0018_chrm01_circ_1870023	PS_Bd_r03_2016_03_07_L001	1	0.0000	0.0001	1.0000
HAMBI_0018_chrm01_circ_1870023	PS_Bd_r03_2016_04_03_L002	1	0.0000	0.0005	1.0000
HAMBI_0018_chrm01_circ_1870023	PS_Bd_r03_2016_05_04_L001	1	0.0000	0.0005	1.0000
HAMBI_0018_chrm01_circ_1870023	PS_Bd_r03_2016_05_30_L001	1	0.0044	0.0050	1.0000
HAMBI_0018_chrm01_circ_1870023	PS_Bd_r03_2016_07_25_L003	1	0.0121	0.0041	1.0000
HAMBI_0018_chrm01_circ_1870023	PS_Bd_r03_2016_08_22_L003	1	0.0276	0.0060	1.0000
HAMBI_0018_chrm01_circ_1870023	PS_Bd_r03_2016_09_19_L003	1	0.0283	0.0067	1.0000
HAMBI_0018_chrm01_circ_1870023	PS_Bd_r03_2016_10_17_L001	1	0.0197	0.0054	1.0000
HAMBI_0018_chrm01_circ_1870023	PS_Bd_r03_2016_11_14_L001	1	0.0630	0.0087	1.0000
HAMBI_0018_chrm01_circ_1870023	PS_Bd_r03_2016_12_12_L001	1	0.1150	0.0102	1.0000
HAMBI_0018_chrm01_circ_1870023	PS_Bd_r03_2017_01_09_L001	1	0.1246	0.0175	1.0000
HAMBI_0018_chrm01_circ_1870023	PS_Bd_r03_2017_04_03_L001	1	0.1112	0.0113	1.0000
HAMBI_0018_chrm01_circ_1870023	PS_Bd_r03_2017_05_29_L001	1	0.1239	0.0129	1.0000
HAMBI_0018_chrm01_circ_1870023	PS_Bd_r03_2017_06_26_L001	1	0.1408	0.0107	1.0000
HAMBI_0018_chrm01_circ_1870023	PS_Bd_r03_2017_07_24_L001	1	0.1451	0.0136	1.0000
HAMBI_0018_chrm01_circ_1870023	PS_Bd_r03_2017_08_21_L001	1	0.1202	0.0099	1.0000
HAMBI_0018_chrm01_circ_1870023	PS_Bd_r03_2017_09_18_L002	1	0.0816	0.0090	1.0000
HAMBI_0018_chrm01_circ_2732625	PS_Bd_r03_2015_08_24_L001-L004_merged	1	0.0000	0.0002	1.0000
HAMBI_0018_chrm01_circ_2732625	PS_Bd_r03_2015_09_21_L001-L004_merged	1	0.0000	0.0004	1.0000
HAMBI_0018_chrm01_circ_2732625	PS_Bd_r03_2015_10_19_L001-L004_merged	1	0.0000	0.0006	1.0000
HAMBI_0018_chrm01_circ_2732625	PS_Bd_r03_2015_11_16_L002	1	0.0000	0.0001	1.0000
HAMBI_0018_chrm01_circ_2732625	PS_Bd_r03_2015_12_14_L002	1	0.0000	0.0002	1.0000
HAMBI_0018_chrm01_circ_2732625	PS_Bd_r03_2016_01_11_L001	1	0.0000	0.0000	1.0000
HAMBI_0018_chrm01_circ_2732625	PS_Bd_r03_2016_02_08_L001	1	0.0000	0.0001	1.0000
HAMBI_0018_chrm01_circ_2732625	PS_Bd_r03_2016_03_07_L001	1	0.0000	0.0001	1.0000
HAMBI_0018_chrm01_circ_2732625	PS_Bd_r03_2016_04_03_L002	1	0.0000	0.0005	1.0000
HAMBI_0018_chrm01_circ_2732625	PS_Bd_r03_2016_05_04_L001	1	0.0000	0.0005	1.0000
HAMBI_0018_chrm01_circ_2732625	PS_Bd_r03_2016_05_30_L001	1	0.0044	0.0050	1.0000
HAMBI_0018_chrm01_circ_2732625	PS_Bd_r03_2016_07_25_L003	1	0.0121	0.0041	1.0000
HAMBI_0018_chrm01_circ_2732625	PS_Bd_r03_2016_08_22_L003	1	0.0276	0.0060	1.0000
HAMBI_0018_chrm01_circ_2732625	PS_Bd_r03_2016_09_19_L003	1	0.0283	0.0067	1.0000
HAMBI_0018_chrm01_circ_2732625	PS_Bd_r03_2016_10_17_L001	1	0.0197	0.0054	1.0000
HAMBI_0018_chrm01_circ_2732625	PS_Bd_r03_2016_11_14_L001	1	0.0630	0.0087	1.0000
HAMBI_0018_chrm01_circ_2732625	PS_Bd_r03_2016_12_12_L001	1	0.1150	0.0102	1.0000
HAMBI_0018_chrm01_circ_2732625	PS_Bd_r03_2017_01_09_L001	1	0.1246	0.0175	1.0000
HAMBI_0018_chrm01_circ_2732625	PS_Bd_r03_2017_04_03_L001	1	0.1112	0.0113	1.0000
HAMBI_0018_chrm01_circ_2732625	PS_Bd_r03_2017_05_29_L001	1	0.1239	0.0129	1.0000
HAMBI_0018_chrm01_circ_2732625	PS_Bd_r03_2017_06_26_L001	1	0.1408	0.0107	1.0000
HAMBI_0018_chrm01_circ_2732625	PS_Bd_r03_2017_07_24_L001	1	0.1451	0.0136	1.0000
HAMBI_0018_chrm01_circ_2732625	PS_Bd_r03_2017_08_21_L001	1	0.1202	0.0099	1.0000
HAMBI_0018_chrm01_circ_2732625	PS_Bd_r03_2017_09_18_L002	1	0.0816	0.0090	1.0000
HAMBI_0018_chrm01_circ_3254647	PS_Bd_r03_2015_08_24_L001-L004_merged	1	0.0000	0.0002	1.0000
HAMBI_0018_chrm01_circ_3254647	PS_Bd_r03_2015_09_21_L001-L004_merged	1	0.0000	0.0004	1.0000
HAMBI_0018_chrm01_circ_3254647	PS_Bd_r03_2015_10_19_L001-L004_merged	1	0.0000	0.0006	1.0000
HAMBI_0018_chrm01_circ_3254647	PS_Bd_r03_2015_11_16_L002	1	0.0000	0.0001	1.0000
HAMBI_0018_chrm01_circ_3254647	PS_Bd_r03_2015_12_14_L002	1	0.0000	0.0002	1.0000
HAMBI_0018_chrm01_circ_3254647	PS_Bd_r03_2016_01_11_L001	1	0.0000	0.0000	1.0000
HAMBI_0018_chrm01_circ_3254647	PS_Bd_r03_2016_02_08_L001	1	0.0000	0.0001	1.0000
HAMBI_0018_chrm01_circ_3254647	PS_Bd_r03_2016_03_07_L001	1	0.0000	0.0001	1.0000
HAMBI_0018_chrm01_circ_3254647	PS_Bd_r03_2016_04_03_L002	1	0.0000	0.0005	1.0000
HAMBI_0018_chrm01_circ_3254647	PS_Bd_r03_2016_05_04_L001	1	0.0000	0.0005	1.0000
HAMBI_0018_chrm01_circ_3254647	PS_Bd_r03_2016_05_30_L001	1	0.0044	0.0050	1.0000
HAMBI_0018_chrm01_circ_3254647	PS_Bd_r03_2016_07_25_L003	1	0.0121	0.0041	1.0000
HAMBI_0018_chrm01_circ_3254647	PS_Bd_r03_2016_08_22_L003	1	0.0276	0.0060	1.0000
HAMBI_0018_chrm01_circ_3254647	PS_Bd_r03_2016_09_19_L003	1	0.0283	0.0067	1.0000
HAMBI_0018_chrm01_circ_3254647	PS_Bd_r03_2016_10_17_L001	1	0.0197	0.0054	1.0000
HAMBI_0018_chrm01_circ_3254647	PS_Bd_r03_2016_11_14_L001	1	0.0630	0.0087	1.0000
HAMBI_0018_chrm01_circ_3254647	PS_Bd_r03_2016_12_12_L001	1	0.1150	0.0102	1.0000
HAMBI_0018_chrm01_circ_3254647	PS_Bd_r03_2017_01_09_L001	1	0.1246	0.0175	1.0000
HAMBI_0018_chrm01_circ_3254647	PS_Bd_r03_2017_04_03_L001	1	0.1112	0.0113	1.0000
HAMBI_0018_chrm01_circ_3254647	PS_Bd_r03_2017_05_29_L001	1	0.1239	0.0129	1.0000
HAMBI_0018_chrm01_circ_3254647	PS_Bd_r03_2017_06_26_L001	1	0.1408	0.0107	1.0000
HAMBI_0018_chrm01_circ_3254647	PS_Bd_r03_2017_07_24_L001	1	0.1451	0.0136	1.0000
HAMBI_0018_chrm01_circ_3254647	PS_Bd_r03_2017_08_21_L001	1	0.1202	0.0099	1.0000
HAMBI_0018_chrm01_circ_3254647	PS_Bd_r03_2017_09_18_L002	1	0.0816	0.0090	1.0000
HAMBI_0018_chrm01_circ_52944	PS_Bd_r03_2015_08_24_L001-L004_merged	1	0.0000	0.0002	1.0000
HAMBI_0018_chrm01_circ_52944	PS_Bd_r03_2015_09_21_L001-L004_merged	1	0.0000	0.0004	1.0000
HAMBI_0018_chrm01_circ_52944	PS_Bd_r03_2015_10_19_L001-L004_merged	1	0.0000	0.0006	1.0000
HAMBI_0018_chrm01_circ_52944	PS_Bd_r03_2015_11_16_L002	1	0.0000	0.0001	1.0000
HAMBI_0018_chrm01_circ_52944	PS_Bd_r03_2015_12_14_L002	1	0.0000	0.0002	1.0000
HAMBI_0018_chrm01_circ_52944	PS_Bd_r03_2016_01_11_L001	1	0.0000	0.0000	1.0000
HAMBI_0018_chrm01_circ_52944	PS_Bd_r03_2016_02_08_L001	1	0.0000	0.0001	1.0000
HAMBI_0018_chrm01_circ_52944	PS_Bd_r03_2016_03_07_L001	1	0.0000	0.0001	1.0000
HAMBI_0018_chrm01_circ_52944	PS_Bd_r03_2016_04_03_L002	1	0.0000	0.0005	1.0000
HAMBI_0018_chrm01_circ_52944	PS_Bd_r03_2016_05_04_L001	1	0.0000	0.0005	1.0000
HAMBI_0018_chrm01_circ_52944	PS_Bd_r03_2016_05_30_L001	1	0.0044	0.0050	1.0000
HAMBI_0018_chrm01_circ_52944	PS_Bd_r03_2016_07_25_L003	1	0.0121	0.0041	1.0000
HAMBI_0018_chrm01_circ_52944	PS_Bd_r03_2016_08_22_L003	1	0.0276	0.0060	1.0000
HAMBI_0018_chrm01_circ_52944	PS_Bd_r03_2016_09_19_L003	1	0.0283	0.0067	1.0000
HAMBI_0018_chrm01_circ_52944	PS_Bd_r03_2016_10_17_L001	1	0.0197	0.0054	1.0000
HAMBI_0018_chrm01_circ_52944	PS_Bd_r03_2016_11_14_L001	1	0.0630	0.0087	1.0000
HAMBI_0018_chrm01_circ_52944	PS_Bd_r03_2016_12_12_L001	1	0.1150	0.0102	1.0000
HAMBI_0018_chrm01_circ_52944	PS_Bd_r03_2017_01_09_L001	1	0.1246	0.0175	1.0000
HAMBI_0018_chrm01_circ_52944	PS_Bd_r03_2017_04_03_L001	1	0.1112	0.0113	1.0000
HAMBI_0018_chrm01_circ_52944	PS_Bd_r03_2017_05_29_L001	1	0.1239	0.0129	1.0000
HAMBI_0018_chrm01_circ_52944	PS_Bd_r03_2017_06_26_L001	1	0.1408	0.0107	1.0000
HAMBI_0018_chrm01_circ_52944	PS_Bd_r03_2017_07_24_L001	1	0.1451	0.0136	1.0000
HAMBI_0018_chrm01_circ_52944	PS_Bd_r03_2017_08_21_L001	1	0.1202	0.0099	1.0000
HAMBI_0018_chrm01_circ_52944	PS_Bd_r03_2017_09_18_L002	1	0.0816	0.0090	1.0000
HAMBI_0018_chrm01_circ_582297	PS_Bd_r03_2015_08_24_L001-L004_merged	1	0.0000	0.0002	1.0000
HAMBI_0018_chrm01_circ_582297	PS_Bd_r03_2015_09_21_L001-L004_merged	1	0.0000	0.0004	1.0000
HAMBI_0018_chrm01_circ_582297	PS_Bd_r03_2015_10_19_L001-L004_merged	1	0.0000	0.0006	1.0000
HAMBI_0018_chrm01_circ_582297	PS_Bd_r03_2015_11_16_L002	1	0.0000	0.0001	1.0000
HAMBI_0018_chrm01_circ_582297	PS_Bd_r03_2015_12_14_L002	1	0.0000	0.0002	1.0000
HAMBI_0018_chrm01_circ_582297	PS_Bd_r03_2016_01_11_L001	1	0.0000	0.0000	1.0000
HAMBI_0018_chrm01_circ_582297	PS_Bd_r03_2016_02_08_L001	1	0.0000	0.0001	1.0000
HAMBI_0018_chrm01_circ_582297	PS_Bd_r03_2016_03_07_L001	1	0.0000	0.0001	1.0000
HAMBI_0018_chrm01_circ_582297	PS_Bd_r03_2016_04_03_L002	1	0.0000	0.0005	1.0000
HAMBI_0018_chrm01_circ_582297	PS_Bd_r03_2016_05_04_L001	1	0.0000	0.0005	1.0000
HAMBI_0018_chrm01_circ_582297	PS_Bd_r03_2016_05_30_L001	1	0.0044	0.0050	1.0000
HAMBI_0018_chrm01_circ_582297	PS_Bd_r03_2016_07_25_L003	1	0.0121	0.0041	1.0000
HAMBI_0018_chrm01_circ_582297	PS_Bd_r03_2016_08_22_L003	1	0.0276	0.0060	1.0000
HAMBI_0018_chrm01_circ_582297	PS_Bd_r03_2016_09_19_L003	1	0.0283	0.0067	1.0000
HAMBI_0018_chrm01_circ_582297	PS_Bd_r03_2016_10_17_L001	1	0.0197	0.0054	1.0000
HAMBI_0018_chrm01_circ_582297	PS_Bd_r03_2016_11_14_L001	1	0.0630	0.0087	1.0000
HAMBI_0018_chrm01_circ_582297	PS_Bd_r03_2016_12_12_L001	1	0.1150	0.0102	1.0000
HAMBI_0018_chrm01_circ_582297	PS_Bd_r03_2017_01_09_L001	1	0.1246	0.0175	1.0000
HAMBI_0018_chrm01_circ_582297	PS_Bd_r03_2017_04_03_L001	1	0.1112	0.0113	1.0000
HAMBI_0018_chrm01_circ_582297	PS_Bd_r03_2017_05_29_L001	1	0.1239	0.0129	1.0000
HAMBI_0018_chrm01_circ_582297	PS_Bd_r03_2017_06_26_L001	1	0.1408	0.0107	1.0000
HAMBI_0018_chrm01_circ_582297	PS_Bd_r03_2017_07_24_L001	1	0.1451	0.0136	1.0000
HAMBI_0018_chrm01_circ_582297	PS_Bd_r03_2017_08_21_L001	1	0.1202	0.0099	1.0000
HAMBI_0018_chrm01_circ_582297	PS_Bd_r03_2017_09_18_L002	1	0.0816	0.0090	1.0000
HAMBI_0018_chrm01_circ_630905	PS_Bd_r03_2015_08_24_L001-L004_merged	1	0.0000	0.0002	1.0000
HAMBI_0018_chrm01_circ_630905	PS_Bd_r03_2015_09_21_L001-L004_merged	1	0.0000	0.0004	1.0000
HAMBI_0018_chrm01_circ_630905	PS_Bd_r03_2015_10_19_L001-L004_merged	1	0.0000	0.0006	1.0000
HAMBI_0018_chrm01_circ_630905	PS_Bd_r03_2015_11_16_L002	1	0.0000	0.0001	1.0000
HAMBI_0018_chrm01_circ_630905	PS_Bd_r03_2015_12_14_L002	1	0.0000	0.0002	1.0000
HAMBI_0018_chrm01_circ_630905	PS_Bd_r03_2016_01_11_L001	1	0.0000	0.0000	1.0000
HAMBI_0018_chrm01_circ_630905	PS_Bd_r03_2016_02_08_L001	1	0.0000	0.0001	1.0000
HAMBI_0018_chrm01_circ_630905	PS_Bd_r03_2016_03_07_L001	1	0.0000	0.0001	1.0000
HAMBI_0018_chrm01_circ_630905	PS_Bd_r03_2016_04_03_L002	1	0.0000	0.0005	1.0000
HAMBI_0018_chrm01_circ_630905	PS_Bd_r03_2016_05_04_L001	1	0.0000	0.0005	1.0000
HAMBI_0018_chrm01_circ_630905	PS_Bd_r03_2016_05_30_L001	1	0.0044	0.0050	1.0000
HAMBI_0018_chrm01_circ_630905	PS_Bd_r03_2016_07_25_L003	1	0.0121	0.0041	1.0000
HAMBI_0018_chrm01_circ_630905	PS_Bd_r03_2016_08_22_L003	1	0.0276	0.0060	1.0000
HAMBI_0018_chrm01_circ_630905	PS_Bd_r03_2016_09_19_L003	1	0.0283	0.0067	1.0000
HAMBI_0018_chrm01_circ_630905	PS_Bd_r03_2016_10_17_L001	1	0.0197	0.0054	1.0000
HAMBI_0018_chrm01_circ_630905	PS_Bd_r03_2016_11_14_L001	1	0.0630	0.0087	1.0000
HAMBI_0018_chrm01_circ_630905	PS_Bd_r03_2016_12_12_L001	1	0.1150	0.0102	1.0000
HAMBI_0018_chrm01_circ_630905	PS_Bd_r03_2017_01_09_L001	1	0.1246	0.0175	1.0000
HAMBI_0018_chrm01_circ_630905	PS_Bd_r03_2017_04_03_L001	1	0.1112	0.0113	1.0000
HAMBI_0018_chrm01_circ_630905	PS_Bd_r03_2017_05_29_L001	1	0.1239	0.0129	1.0000
HAMBI_0018_chrm01_circ_630905	PS_Bd_r03_2017_06_26_L001	1	0.1408	0.0107	1.0000
HAMBI_0018_chrm01_circ_630905	PS_Bd_r03_2017_07_24_L001	1	0.1451	0.0136	1.0000
HAMBI_0018_chrm01_circ_630905	PS_Bd_r03_2017_08_21_L001	1	0.1202	0.0099	1.0000
HAMBI_0018_chrm01_circ_630905	PS_Bd_r03_2017_09_18_L002	1	0.0816	0.0090	1.0000
HAMBI_0018_chrm01_circ_1657023	PS_Bd_r03_2015_08_24_L001-L004_merged	2	0.0110	0.0150	1.0000
HAMBI_0018_chrm01_circ_1657023	PS_Bd_r03_2015_09_21_L001-L004_merged	2	0.0182	0.0222	1.0000
HAMBI_0018_chrm01_circ_1657023	PS_Bd_r03_2015_10_19_L001-L004_merged	2	0.0204	0.0244	1.0000
HAMBI_0018_chrm01_circ_1657023	PS_Bd_r03_2015_11_16_L002	2	0.0051	0.0087	1.0000
HAMBI_0018_chrm01_circ_1657023	PS_Bd_r03_2015_12_14_L002	2	0.0066	0.0104	1.0000
HAMBI_0018_chrm01_circ_1657023	PS_Bd_r03_2016_01_11_L001	2	0.0034	0.0067	1.0000
HAMBI_0018_chrm01_circ_1657023	PS_Bd_r03_2016_02_08_L001	2	0.0063	0.0101	1.0000
HAMBI_0018_chrm01_circ_1657023	PS_Bd_r03_2016_03_07_L001	2	0.0052	0.0089	1.0000
HAMBI_0018_chrm01_circ_1657023	PS_Bd_r03_2016_04_03_L002	2	0.0131	0.0171	1.0000
HAMBI_0018_chrm01_circ_1657023	PS_Bd_r03_2016_05_04_L001	2	0.0110	0.0150	1.0000
HAMBI_0018_chrm01_circ_1657023	PS_Bd_r03_2016_05_30_L001	2	0.0071	0.0109	1.0000
HAMBI_0018_chrm01_circ_1657023	PS_Bd_r03_2016_07_25_L003	2	0.1275	0.0377	1.0000
HAMBI_0018_chrm01_circ_1657023	PS_Bd_r03_2016_08_22_L003	2	0.4068	0.0528	1.0000
HAMBI_0018_chrm01_circ_1657023	PS_Bd_r03_2016_09_19_L003	2	0.6253	0.0568	1.0000
HAMBI_0018_chrm01_circ_1657023	PS_Bd_r03_2016_10_17_L001	2	0.7761	0.0420	1.0000
HAMBI_0018_chrm01_circ_1657023	PS_Bd_r03_2016_11_14_L001	2	0.7714	0.0428	1.0000
HAMBI_0018_chrm01_circ_1657023	PS_Bd_r03_2016_12_12_L001	2	0.6607	0.0459	1.0000
HAMBI_0018_chrm01_circ_1657023	PS_Bd_r03_2017_01_09_L001	2	0.7184	0.0713	1.0000
HAMBI_0018_chrm01_circ_1657023	PS_Bd_r03_2017_04_03_L001	2	0.7088	0.0462	1.0000
HAMBI_0018_chrm01_circ_1657023	PS_Bd_r03_2017_05_29_L001	2	0.4933	0.0575	1.0000
HAMBI_0018_chrm01_circ_1657023	PS_Bd_r03_2017_06_26_L001	2	0.1502	0.0347	1.0000
HAMBI_0018_chrm01_circ_1657023	PS_Bd_r03_2017_07_24_L001	2	0.2302	0.0520	1.0000
HAMBI_0018_chrm01_circ_1657023	PS_Bd_r03_2017_08_21_L001	2	0.1820	0.0359	1.0000
HAMBI_0018_chrm01_circ_1657023	PS_Bd_r03_2017_09_18_L002	2	0.0920	0.0294	1.0000
HAMBI_0018_chrm01_circ_1248624	PS_Bd_r03_2015_08_24_L001-L004_merged	3	0.0010	0.0033	1.0000
HAMBI_0018_chrm01_circ_1248624	PS_Bd_r03_2015_09_21_L001-L004_merged	3	0.0627	0.0185	1.0000
HAMBI_0018_chrm01_circ_1248624	PS_Bd_r03_2015_10_19_L001-L004_merged	3	0.1774	0.0277	1.0000
HAMBI_0018_chrm01_circ_1248624	PS_Bd_r03_2015_11_16_L002	3	0.4127	0.0255	1.0000
HAMBI_0018_chrm01_circ_1248624	PS_Bd_r03_2015_12_14_L002	3	0.6601	0.0241	1.0000
HAMBI_0018_chrm01_circ_1248624	PS_Bd_r03_2016_01_11_L001	3	0.2095	0.0195	1.0000
HAMBI_0018_chrm01_circ_1248624	PS_Bd_r03_2016_02_08_L001	3	0.0399	0.0097	1.0000
HAMBI_0018_chrm01_circ_1248624	PS_Bd_r03_2016_03_07_L001	3	0.1308	0.0168	1.0000
HAMBI_0018_chrm01_circ_1248624	PS_Bd_r03_2016_04_03_L002	3	0.0273	0.0114	1.0000
HAMBI_0018_chrm01_circ_1248624	PS_Bd_r03_2016_05_04_L001	3	0.2528	0.0290	1.0000
HAMBI_0018_chrm01_circ_1248624	PS_Bd_r03_2016_05_30_L001	3	0.1040	0.0173	1.0000
HAMBI_0018_chrm01_circ_1248624	PS_Bd_r03_2016_07_25_L003	3	0.1002	0.0178	1.0000
HAMBI_0018_chrm01_circ_1248624	PS_Bd_r03_2016_08_22_L003	3	0.0359	0.0109	1.0000
HAMBI_0018_chrm01_circ_1248624	PS_Bd_r03_2016_09_19_L003	3	0.0334	0.0119	1.0000
HAMBI_0018_chrm01_circ_1248624	PS_Bd_r03_2016_10_17_L001	3	0.0579	0.0131	1.0000
HAMBI_0018_chrm01_circ_1248624	PS_Bd_r03_2016_11_14_L001	3	0.0478	0.0115	1.0000
HAMBI_0018_chrm01_circ_1248624	PS_Bd_r03_2016_12_12_L001	3	0.0735	0.0129	1.0000
HAMBI_0018_chrm01_circ_1248624	PS_Bd_r03_2017_01_09_L001	3	0.0437	0.0165	1.0000
HAMBI_0018_chrm01_circ_1248624	PS_Bd_r03_2017_04_03_L001	3	0.0569	0.0126	1.0000
HAMBI_0018_chrm01_circ_1248624	PS_Bd_r03_2017_05_29_L001	3	0.0165	0.0075	1.0000
HAMBI_0018_chrm01_circ_1248624	PS_Bd_r03_2017_06_26_L001	3	0.0002	0.0014	1.0000
HAMBI_0018_chrm01_circ_1248624	PS_Bd_r03_2017_07_24_L001	3	0.0170	0.0074	1.0000
HAMBI_0018_chrm01_circ_1248624	PS_Bd_r03_2017_08_21_L001	3	0.0170	0.0070	1.0000
HAMBI_0018_chrm01_circ_1248624	PS_Bd_r03_2017_09_18_L002	3	0.0090	0.0054	1.0000
HAMBI_0018_chrm01_circ_1711111	PS_Bd_r03_2015_08_24_L001-L004_merged	3	0.0010	0.0033	1.0000
HAMBI_0018_chrm01_circ_1711111	PS_Bd_r03_2015_09_21_L001-L004_merged	3	0.0627	0.0185	1.0000
HAMBI_0018_chrm01_circ_1711111	PS_Bd_r03_2015_10_19_L001-L004_merged	3	0.1774	0.0277	1.0000
HAMBI_0018_chrm01_circ_1711111	PS_Bd_r03_2015_11_16_L002	3	0.4127	0.0255	1.0000
HAMBI_0018_chrm01_circ_1711111	PS_Bd_r03_2015_12_14_L002	3	0.6601	0.0241	1.0000
HAMBI_0018_chrm01_circ_1711111	PS_Bd_r03_2016_01_11_L001	3	0.2095	0.0195	1.0000
HAMBI_0018_chrm01_circ_1711111	PS_Bd_r03_2016_02_08_L001	3	0.0399	0.0097	1.0000
HAMBI_0018_chrm01_circ_1711111	PS_Bd_r03_2016_03_07_L001	3	0.1308	0.0168	1.0000
HAMBI_0018_chrm01_circ_1711111	PS_Bd_r03_2016_04_03_L002	3	0.0273	0.0114	1.0000
HAMBI_0018_chrm01_circ_1711111	PS_Bd_r03_2016_05_04_L001	3	0.2528	0.0290	1.0000
HAMBI_0018_chrm01_circ_1711111	PS_Bd_r03_2016_05_30_L001	3	0.1040	0.0173	1.0000
HAMBI_0018_chrm01_circ_1711111	PS_Bd_r03_2016_07_25_L003	3	0.1002	0.0178	1.0000
HAMBI_0018_chrm01_circ_1711111	PS_Bd_r03_2016_08_22_L003	3	0.0359	0.0109	1.0000
HAMBI_0018_chrm01_circ_1711111	PS_Bd_r03_2016_09_19_L003	3	0.0334	0.0119	1.0000
HAMBI_0018_chrm01_circ_1711111	PS_Bd_r03_2016_10_17_L001	3	0.0579	0.0131	1.0000
HAMBI_0018_chrm01_circ_1711111	PS_Bd_r03_2016_11_14_L001	3	0.0478	0.0115	1.0000
HAMBI_0018_chrm01_circ_1711111	PS_Bd_r03_2016_12_12_L001	3	0.0735	0.0129	1.0000
HAMBI_0018_chrm01_circ_1711111	PS_Bd_r03_2017_01_09_L001	3	0.0437	0.0165	1.0000
HAMBI_0018_chrm01_circ_1711111	PS_Bd_r03_2017_04_03_L001	3	0.0569	0.0126	1.0000
HAMBI_0018_chrm01_circ_1711111	PS_Bd_r03_2017_05_29_L001	3	0.0165	0.0075	1.0000
HAMBI_0018_chrm01_circ_1711111	PS_Bd_r03_2017_06_26_L001	3	0.0002	0.0014	1.0000
HAMBI_0018_chrm01_circ_1711111	PS_Bd_r03_2017_07_24_L001	3	0.0170	0.0074	1.0000
HAMBI_0018_chrm01_circ_1711111	PS_Bd_r03_2017_08_21_L001	3	0.0170	0.0070	1.0000
HAMBI_0018_chrm01_circ_1711111	PS_Bd_r03_2017_09_18_L002	3	0.0090	0.0054	1.0000
HAMBI_0018_chrm01_circ_2440682	PS_Bd_r03_2015_08_24_L001-L004_merged	3	0.0010	0.0033	1.0000
HAMBI_0018_chrm01_circ_2440682	PS_Bd_r03_2015_09_21_L001-L004_merged	3	0.0627	0.0185	1.0000
HAMBI_0018_chrm01_circ_2440682	PS_Bd_r03_2015_10_19_L001-L004_merged	3	0.1774	0.0277	1.0000
HAMBI_0018_chrm01_circ_2440682	PS_Bd_r03_2015_11_16_L002	3	0.4127	0.0255	1.0000
HAMBI_0018_chrm01_circ_2440682	PS_Bd_r03_2015_12_14_L002	3	0.6601	0.0241	1.0000
HAMBI_0018_chrm01_circ_2440682	PS_Bd_r03_2016_01_11_L001	3	0.2095	0.0195	1.0000
HAMBI_0018_chrm01_circ_2440682	PS_Bd_r03_2016_02_08_L001	3	0.0399	0.0097	1.0000
HAMBI_0018_chrm01_circ_2440682	PS_Bd_r03_2016_03_07_L001	3	0.1308	0.0168	1.0000
HAMBI_0018_chrm01_circ_2440682	PS_Bd_r03_2016_04_03_L002	3	0.0273	0.0114	1.0000
HAMBI_0018_chrm01_circ_2440682	PS_Bd_r03_2016_05_04_L001	3	0.2528	0.0290	1.0000
HAMBI_0018_chrm01_circ_2440682	PS_Bd_r03_2016_05_30_L001	3	0.1040	0.0173	1.0000
HAMBI_0018_chrm01_circ_2440682	PS_Bd_r03_2016_07_25_L003	3	0.1002	0.0178	1.0000
HAMBI_0018_chrm01_circ_2440682	PS_Bd_r03_2016_08_22_L003	3	0.0359	0.0109	1.0000
HAMBI_0018_chrm01_circ_2440682	PS_Bd_r03_2016_09_19_L003	3	0.0334	0.0119	1.0000
HAMBI_0018_chrm01_circ_2440682	PS_Bd_r03_2016_10_17_L001	3	0.0579	0.0131	1.0000
HAMBI_0018_chrm01_circ_2440682	PS_Bd_r03_2016_11_14_L001	3	0.0478	0.0115	1.0000
HAMBI_0018_chrm01_circ_2440682	PS_Bd_r03_2016_12_12_L001	3	0.0735	0.0129	1.0000
HAMBI_0018_chrm01_circ_2440682	PS_Bd_r03_2017_01_09_L001	3	0.0437	0.0165	1.0000
HAMBI_0018_chrm01_circ_2440682	PS_Bd_r03_2017_04_03_L001	3	0.0569	0.0126	1.0000
HAMBI_0018_chrm01_circ_2440682	PS_Bd_r03_2017_05_29_L001	3	0.0165	0.0075	1.0000
HAMBI_0018_chrm01_circ_2440682	PS_Bd_r03_2017_06_26_L001	3	0.0002	0.0014	1.0000
HAMBI_0018_chrm01_circ_2440682	PS_Bd_r03_2017_07_24_L001	3	0.0170	0.0074	1.0000
HAMBI_0018_chrm01_circ_2440682	PS_Bd_r03_2017_08_21_L001	3	0.0170	0.0070	1.0000
HAMBI_0018_chrm01_circ_2440682	PS_Bd_r03_2017_09_18_L002	3	0.0090	0.0054	1.0000
HAMBI_0018_chrm01_circ_2785816	PS_Bd_r03_2015_08_24_L001-L004_merged	3	0.0010	0.0033	1.0000
HAMBI_0018_chrm01_circ_2785816	PS_Bd_r03_2015_09_21_L001-L004_merged	3	0.0627	0.0185	1.0000
HAMBI_0018_chrm01_circ_2785816	PS_Bd_r03_2015_10_19_L001-L004_merged	3	0.1774	0.0277	1.0000
HAMBI_0018_chrm01_circ_2785816	PS_Bd_r03_2015_11_16_L002	3	0.4127	0.0255	1.0000
HAMBI_0018_chrm01_circ_2785816	PS_Bd_r03_2015_12_14_L002	3	0.6601	0.0241	1.0000
HAMBI_0018_chrm01_circ_2785816	PS_Bd_r03_2016_01_11_L001	3	0.2095	0.0195	1.0000
HAMBI_0018_chrm01_circ_2785816	PS_Bd_r03_2016_02_08_L001	3	0.0399	0.0097	1.0000
HAMBI_0018_chrm01_circ_2785816	PS_Bd_r03_2016_03_07_L001	3	0.1308	0.0168	1.0000
HAMBI_0018_chrm01_circ_2785816	PS_Bd_r03_2016_04_03_L002	3	0.0273	0.0114	1.0000
HAMBI_0018_chrm01_circ_2785816	PS_Bd_r03_2016_05_04_L001	3	0.2528	0.0290	1.0000
HAMBI_0018_chrm01_circ_2785816	PS_Bd_r03_2016_05_30_L001	3	0.1040	0.0173	1.0000
HAMBI_0018_chrm01_circ_2785816	PS_Bd_r03_2016_07_25_L003	3	0.1002	0.0178	1.0000
HAMBI_0018_chrm01_circ_2785816	PS_Bd_r03_2016_08_22_L003	3	0.0359	0.0109	1.0000
HAMBI_0018_chrm01_circ_2785816	PS_Bd_r03_2016_09_19_L003	3	0.0334	0.0119	1.0000
HAMBI_0018_chrm01_circ_2785816	PS_Bd_r03_2016_10_17_L001	3	0.0579	0.0131	1.0000
HAMBI_0018_chrm01_circ_2785816	PS_Bd_r03_2016_11_14_L001	3	0.0478	0.0115	1.0000
HAMBI_0018_chrm01_circ_2785816	PS_Bd_r03_2016_12_12_L001	3	0.0735	0.0129	1.0000
HAMBI_0018_chrm01_circ_2785816	PS_Bd_r03_2017_01_09_L001	3	0.0437	0.0165	1.0000
HAMBI_0018_chrm01_circ_2785816	PS_Bd_r03_2017_04_03_L001	3	0.0569	0.0126	1.0000
HAMBI_0018_chrm01_circ_2785816	PS_Bd_r03_2017_05_29_L001	3	0.0165	0.0075	1.0000
HAMBI_0018_chrm01_circ_2785816	PS_Bd_r03_2017_06_26_L001	3	0.0002	0.0014	1.0000
HAMBI_0018_chrm01_circ_2785816	PS_Bd_r03_2017_07_24_L001	3	0.0170	0.0074	1.0000
HAMBI_0018_chrm01_circ_2785816	PS_Bd_r03_2017_08_21_L001	3	0.0170	0.0070	1.0000
HAMBI_0018_chrm01_circ_2785816	PS_Bd_r03_2017_09_18_L002	3	0.0090	0.0054	1.0000
HAMBI_0018_chrm01_circ_1052064	PS_Bd_r03_2015_08_24_L001-L004_merged	4	0.0003	0.0018	1.0000
HAMBI_0018_chrm01_circ_1052064	PS_Bd_r03_2015_09_21_L001-L004_merged	4	0.1081	0.0198	1.0000
HAMBI_0018_chrm01_circ_1052064	PS_Bd_r03_2015_10_19_L001-L004_merged	4	0.3119	0.0301	1.0000
HAMBI_0018_chrm01_circ_1052064	PS_Bd_r03_2015_11_16_L002	4	0.0992	0.0147	1.0000
HAMBI_0018_chrm01_circ_1052064	PS_Bd_r03_2015_12_14_L002	4	0.0321	0.0094	1.0000
HAMBI_0018_chrm01_circ_1052064	PS_Bd_r03_2016_01_11_L001	4	0.0295	0.0078	1.0000
HAMBI_0018_chrm01_circ_1052064	PS_Bd_r03_2016_02_08_L001	4	0.0223	0.0073	1.0000
HAMBI_0018_chrm01_circ_1052064	PS_Bd_r03_2016_03_07_L001	4	0.0534	0.0115	1.0000
HAMBI_0018_chrm01_circ_1052064	PS_Bd_r03_2016_04_03_L002	4	0.4473	0.0329	1.0000
HAMBI_0018_chrm01_circ_1052064	PS_Bd_r03_2016_05_04_L001	4	0.0260	0.0094	1.0000
HAMBI_0018_chrm01_circ_1052064	PS_Bd_r03_2016_05_30_L001	4	0.0159	0.0068	1.0000
HAMBI_0018_chrm01_circ_1052064	PS_Bd_r03_2016_07_25_L003	4	0.0153	0.0065	1.0000
HAMBI_0018_chrm01_circ_1052064	PS_Bd_r03_2016_08_22_L003	4	0.0473	0.0114	1.0000
HAMBI_0018_chrm01_circ_1052064	PS_Bd_r03_2016_09_19_L003	4	0.0701	0.0146	1.0000
HAMBI_0018_chrm01_circ_1052064	PS_Bd_r03_2016_10_17_L001	4	0.0231	0.0085	1.0000
HAMBI_0018_chrm01_circ_1052064	PS_Bd_r03_2016_11_14_L001	4	0.0025	0.0047	1.0000
HAMBI_0018_chrm01_circ_1052064	PS_Bd_r03_2016_12_12_L001	4	0.0101	0.0036	1.0000
HAMBI_0018_chrm01_circ_1052064	PS_Bd_r03_2017_01_09_L001	4	0.0031	0.0064	1.0000
HAMBI_0018_chrm01_circ_1052064	PS_Bd_r03_2017_04_03_L001	4	0.0004	0.0019	1.0000
HAMBI_0018_chrm01_circ_1052064	PS_Bd_r03_2017_05_29_L001	4	0.0327	0.0105	1.0000
HAMBI_0018_chrm01_circ_1052064	PS_Bd_r03_2017_06_26_L001	4	0.0798	0.0137	1.0000
HAMBI_0018_chrm01_circ_1052064	PS_Bd_r03_2017_07_24_L001	4	0.0312	0.0100	1.0000
HAMBI_0018_chrm01_circ_1052064	PS_Bd_r03_2017_08_21_L001	4	0.0367	0.0092	1.0000
HAMBI_0018_chrm01_circ_1052064	PS_Bd_r03_2017_09_18_L002	4	0.0151	0.0064	1.0000
HAMBI_0018_chrm01_circ_2192635	PS_Bd_r03_2015_08_24_L001-L004_merged	4	0.0003	0.0018	1.0000
HAMBI_0018_chrm01_circ_2192635	PS_Bd_r03_2015_09_21_L001-L004_merged	4	0.1081	0.0198	1.0000
HAMBI_0018_chrm01_circ_2192635	PS_Bd_r03_2015_10_19_L001-L004_merged	4	0.3119	0.0301	1.0000
HAMBI_0018_chrm01_circ_2192635	PS_Bd_r03_2015_11_16_L002	4	0.0992	0.0147	1.0000
HAMBI_0018_chrm01_circ_2192635	PS_Bd_r03_2015_12_14_L002	4	0.0321	0.0094	1.0000
HAMBI_0018_chrm01_circ_2192635	PS_Bd_r03_2016_01_11_L001	4	0.0295	0.0078	1.0000
HAMBI_0018_chrm01_circ_2192635	PS_Bd_r03_2016_02_08_L001	4	0.0223	0.0073	1.0000
HAMBI_0018_chrm01_circ_2192635	PS_Bd_r03_2016_03_07_L001	4	0.0534	0.0115	1.0000
HAMBI_0018_chrm01_circ_2192635	PS_Bd_r03_2016_04_03_L002	4	0.4473	0.0329	1.0000
HAMBI_0018_chrm01_circ_2192635	PS_Bd_r03_2016_05_04_L001	4	0.0260	0.0094	1.0000
HAMBI_0018_chrm01_circ_2192635	PS_Bd_r03_2016_05_30_L001	4	0.0159	0.0068	1.0000
HAMBI_0018_chrm01_circ_2192635	PS_Bd_r03_2016_07_25_L003	4	0.0153	0.0065	1.0000
HAMBI_0018_chrm01_circ_2192635	PS_Bd_r03_2016_08_22_L003	4	0.0473	0.0114	1.0000
HAMBI_0018_chrm01_circ_2192635	PS_Bd_r03_2016_09_19_L003	4	0.0701	0.0146	1.0000
HAMBI_0018_chrm01_circ_2192635	PS_Bd_r03_2016_10_17_L001	4	0.0231	0.0085	1.0000
HAMBI_0018_chrm01_circ_2192635	PS_Bd_r03_2016_11_14_L001	4	0.0025	0.0047	1.0000
HAMBI_0018_chrm01_circ_2192635	PS_Bd_r03_2016_12_12_L001	4	0.0101	0.0036	1.0000
HAMBI_0018_chrm01_circ_2192635	PS_Bd_r03_2017_01_09_L001	4	0.0031	0.0064	1.0000
HAMBI_0018_chrm01_circ_2192635	PS_Bd_r03_2017_04_03_L001	4	0.0004	0.0019	1.0000
HAMBI_0018_chrm01_circ_2192635	PS_Bd_r03_2017_05_29_L001	4	0.0327	0.0105	1.0000
HAMBI_0018_chrm01_circ_2192635	PS_Bd_r03_2017_06_26_L001	4	0.0798	0.0137	1.0000
HAMBI_0018_chrm01_circ_2192635	PS_Bd_r03_2017_07_24_L001	4	0.0312	0.0100	1.0000
HAMBI_0018_chrm01_circ_2192635	PS_Bd_r03_2017_08_21_L001	4	0.0367	0.0092	1.0000
HAMBI_0018_chrm01_circ_2192635	PS_Bd_r03_2017_09_18_L002	4	0.0151	0.0064	1.0000
HAMBI_0018_chrm01_circ_3358956	PS_Bd_r03_2015_08_24_L001-L004_merged	4	0.0003	0.0018	1.0000
HAMBI_0018_chrm01_circ_3358956	PS_Bd_r03_2015_09_21_L001-L004_merged	4	0.1081	0.0198	1.0000
HAMBI_0018_chrm01_circ_3358956	PS_Bd_r03_2015_10_19_L001-L004_merged	4	0.3119	0.0301	1.0000
HAMBI_0018_chrm01_circ_3358956	PS_Bd_r03_2015_11_16_L002	4	0.0992	0.0147	1.0000
HAMBI_0018_chrm01_circ_3358956	PS_Bd_r03_2015_12_14_L002	4	0.0321	0.0094	1.0000
HAMBI_0018_chrm01_circ_3358956	PS_Bd_r03_2016_01_11_L001	4	0.0295	0.0078	1.0000
HAMBI_0018_chrm01_circ_3358956	PS_Bd_r03_2016_02_08_L001	4	0.0223	0.0073	1.0000
HAMBI_0018_chrm01_circ_3358956	PS_Bd_r03_2016_03_07_L001	4	0.0534	0.0115	1.0000
HAMBI_0018_chrm01_circ_3358956	PS_Bd_r03_2016_04_03_L002	4	0.4473	0.0329	1.0000
HAMBI_0018_chrm01_circ_3358956	PS_Bd_r03_2016_05_04_L001	4	0.0260	0.0094	1.0000
HAMBI_0018_chrm01_circ_3358956	PS_Bd_r03_2016_05_30_L001	4	0.0159	0.0068	1.0000
HAMBI_0018_chrm01_circ_3358956	PS_Bd_r03_2016_07_25_L003	4	0.0153	0.0065	1.0000
HAMBI_0018_chrm01_circ_3358956	PS_Bd_r03_2016_08_22_L003	4	0.0473	0.0114	1.0000
HAMBI_0018_chrm01_circ_3358956	PS_Bd_r03_2016_09_19_L003	4	0.0701	0.0146	1.0000
HAMBI_0018_chrm01_circ_3358956	PS_Bd_r03_2016_10_17_L001	4	0.0231	0.0085	1.0000
HAMBI_0018_chrm01_circ_3358956	PS_Bd_r03_2016_11_14_L001	4	0.0025	0.0047	1.0000
HAMBI_0018_chrm01_circ_3358956	PS_Bd_r03_2016_12_12_L001	4	0.0101	0.0036	1.0000
HAMBI_0018_chrm01_circ_3358956	PS_Bd_r03_2017_01_09_L001	4	0.0031	0.0064	1.0000
HAMBI_0018_chrm01_circ_3358956	PS_Bd_r03_2017_04_03_L001	4	0.0004	0.0019	1.0000
HAMBI_0018_chrm01_circ_3358956	PS_Bd_r03_2017_05_29_L001	4	0.0327	0.0105	1.0000
HAMBI_0018_chrm01_circ_3358956	PS_Bd_r03_2017_06_26_L001	4	0.0798	0.0137	1.0000
HAMBI_0018_chrm01_circ_3358956	PS_Bd_r03_2017_07_24_L001	4	0.0312	0.0100	1.0000
HAMBI_0018_chrm01_circ_3358956	PS_Bd_r03_2017_08_21_L001	4	0.0367	0.0092	1.0000
HAMBI_0018_chrm01_circ_3358956	PS_Bd_r03_2017_09_18_L002	4	0.0151	0.0064	1.0000
HAMBI_0018_chrm01_circ_482848	PS_Bd_r03_2015_08_24_L001-L004_merged	4	0.0003	0.0018	1.0000
HAMBI_0018_chrm01_circ_482848	PS_Bd_r03_2015_09_21_L001-L004_merged	4	0.1081	0.0198	1.0000
HAMBI_0018_chrm01_circ_482848	PS_Bd_r03_2015_10_19_L001-L004_merged	4	0.3119	0.0301	1.0000
HAMBI_0018_chrm01_circ_482848	PS_Bd_r03_2015_11_16_L002	4	0.0992	0.0147	1.0000
HAMBI_0018_chrm01_circ_482848	PS_Bd_r03_2015_12_14_L002	4	0.0321	0.0094	1.0000
HAMBI_0018_chrm01_circ_482848	PS_Bd_r03_2016_01_11_L001	4	0.0295	0.0078	1.0000
HAMBI_0018_chrm01_circ_482848	PS_Bd_r03_2016_02_08_L001	4	0.0223	0.0073	1.0000
HAMBI_0018_chrm01_circ_482848	PS_Bd_r03_2016_03_07_L001	4	0.0534	0.0115	1.0000
HAMBI_0018_chrm01_circ_482848	PS_Bd_r03_2016_04_03_L002	4	0.4473	0.0329	1.0000
HAMBI_0018_chrm01_circ_482848	PS_Bd_r03_2016_05_04_L001	4	0.0260	0.0094	1.0000
HAMBI_0018_chrm01_circ_482848	PS_Bd_r03_2016_05_30_L001	4	0.0159	0.0068	1.0000
HAMBI_0018_chrm01_circ_482848	PS_Bd_r03_2016_07_25_L003	4	0.0153	0.0065	1.0000
HAMBI_0018_chrm01_circ_482848	PS_Bd_r03_2016_08_22_L003	4	0.0473	0.0114	1.0000
HAMBI_0018_chrm01_circ_482848	PS_Bd_r03_2016_09_19_L003	4	0.0701	0.0146	1.0000
HAMBI_0018_chrm01_circ_482848	PS_Bd_r03_2016_10_17_L001	4	0.0231	0.0085	1.0000
HAMBI_0018_chrm01_circ_482848	PS_Bd_r03_2016_11_14_L001	4	0.0025	0.0047	1.0000
HAMBI_0018_chrm01_circ_482848	PS_Bd_r03_2016_12_12_L001	4	0.0101	0.0036	1.0000
HAMBI_0018_chrm01_circ_482848	PS_Bd_r03_2017_01_09_L001	4	0.0031	0.0064	1.0000
HAMBI_0018_chrm01_circ_482848	PS_Bd_r03_2017_04_03_L001	4	0.0004	0.0019	1.0000
HAMBI_0018_chrm01_circ_482848	PS_Bd_r03_2017_05_29_L001	4	0.0327	0.0105	1.0000
HAMBI_0018_chrm01_circ_482848	PS_Bd_r03_2017_06_26_L001	4	0.0798	0.0137	1.0000
HAMBI_0018_chrm01_circ_482848	PS_Bd_r03_2017_07_24_L001	4	0.0312	0.0100	1.0000
HAMBI_0018_chrm01_circ_482848	PS_Bd_r03_2017_08_21_L001	4	0.0367	0.0092	1.0000
HAMBI_0018_chrm01_circ_482848	PS_Bd_r03_2017_09_18_L002	4	0.0151	0.0064	1.0000
HAMBI_0018_chrm01_circ_3163419	PS_Bd_r03_2015_08_24_L001-L004_merged	5	0.0074	0.0112	1.0000
HAMBI_0018_chrm01_circ_3163419	PS_Bd_r03_2015_09_21_L001-L004_merged	5	0.0076	0.0115	1.0000
HAMBI_0018_chrm01_circ_3163419	PS_Bd_r03_2015_10_19_L001-L004_merged	5	0.0107	0.0147	1.0000
HAMBI_0018_chrm01_circ_3163419	PS_Bd_r03_2015_11_16_L002	5	0.0062	0.0100	1.0000
HAMBI_0018_chrm01_circ_3163419	PS_Bd_r03_2015_12_14_L002	5	0.0075	0.0113	1.0000
HAMBI_0018_chrm01_circ_3163419	PS_Bd_r03_2016_01_11_L001	5	0.0037	0.0072	1.0000
HAMBI_0018_chrm01_circ_3163419	PS_Bd_r03_2016_02_08_L001	5	0.0043	0.0078	1.0000
HAMBI_0018_chrm01_circ_3163419	PS_Bd_r03_2016_03_07_L001	5	0.0065	0.0103	1.0000
HAMBI_0018_chrm01_circ_3163419	PS_Bd_r03_2016_04_03_L002	5	0.0114	0.0154	1.0000
HAMBI_0018_chrm01_circ_3163419	PS_Bd_r03_2016_05_04_L001	5	0.1994	0.0476	1.0000
HAMBI_0018_chrm01_circ_3163419	PS_Bd_r03_2016_05_30_L001	5	0.6900	0.0494	1.0000
HAMBI_0018_chrm01_circ_3163419	PS_Bd_r03_2016_07_25_L003	5	0.6295	0.0510	1.0000
HAMBI_0018_chrm01_circ_3163419	PS_Bd_r03_2016_08_22_L003	5	0.7305	0.0443	1.0000
HAMBI_0018_chrm01_circ_3163419	PS_Bd_r03_2016_09_19_L003	5	0.6632	0.0499	1.0000
HAMBI_0018_chrm01_circ_3163419	PS_Bd_r03_2016_10_17_L001	5	0.8199	0.0421	1.0000
HAMBI_0018_chrm01_circ_3163419	PS_Bd_r03_2016_11_14_L001	5	0.7963	0.0417	1.0000
HAMBI_0018_chrm01_circ_3163419	PS_Bd_r03_2016_12_12_L001	5	0.6119	0.0479	1.0000
HAMBI_0018_chrm01_circ_3163419	PS_Bd_r03_2017_01_09_L001	5	0.4358	0.0786	1.0000
HAMBI_0018_chrm01_circ_3163419	PS_Bd_r03_2017_04_03_L001	5	0.7558	0.0442	1.0000
HAMBI_0018_chrm01_circ_3163419	PS_Bd_r03_2017_05_29_L001	5	0.8034	0.0470	1.0000
HAMBI_0018_chrm01_circ_3163419	PS_Bd_r03_2017_06_26_L001	5	0.6580	0.0449	1.0000
HAMBI_0018_chrm01_circ_3163419	PS_Bd_r03_2017_07_24_L001	5	0.7041	0.0617	1.0000
HAMBI_0018_chrm01_circ_3163419	PS_Bd_r03_2017_08_21_L001	5	0.7545	0.0383	1.0000
HAMBI_0018_chrm01_circ_3163419	PS_Bd_r03_2017_09_18_L002	5	0.8272	0.0381	1.0000
HAMBI_0018_chrm01_circ_1082322	PS_Bd_r03_2015_08_24_L001-L004_merged	6	0.0000	0.0001	1.0000
HAMBI_0018_chrm01_circ_1082322	PS_Bd_r03_2015_09_21_L001-L004_merged	6	0.0000	0.0002	1.0000
HAMBI_0018_chrm01_circ_1082322	PS_Bd_r03_2015_10_19_L001-L004_merged	6	0.0000	0.0002	1.0000
HAMBI_0018_chrm01_circ_1082322	PS_Bd_r03_2015_11_16_L002	6	0.0000	0.0000	1.0000
HAMBI_0018_chrm01_circ_1082322	PS_Bd_r03_2015_12_14_L002	6	0.0000	0.0000	1.0000
HAMBI_0018_chrm01_circ_1082322	PS_Bd_r03_2016_01_11_L001	6	0.0000	0.0000	1.0000
HAMBI_0018_chrm01_circ_1082322	PS_Bd_r03_2016_02_08_L001	6	0.0000	0.0000	1.0000
HAMBI_0018_chrm01_circ_1082322	PS_Bd_r03_2016_03_07_L001	6	0.0000	0.0000	1.0000
HAMBI_0018_chrm01_circ_1082322	PS_Bd_r03_2016_04_03_L002	6	0.0005	0.0022	1.0000
HAMBI_0018_chrm01_circ_1082322	PS_Bd_r03_2016_05_04_L001	6	0.0000	0.0001	1.0000
HAMBI_0018_chrm01_circ_1082322	PS_Bd_r03_2016_05_30_L001	6	0.0000	0.0000	1.0000
HAMBI_0018_chrm01_circ_1082322	PS_Bd_r03_2016_07_25_L003	6	0.0000	0.0001	1.0000
HAMBI_0018_chrm01_circ_1082322	PS_Bd_r03_2016_08_22_L003	6	0.0000	0.0001	1.0000
HAMBI_0018_chrm01_circ_1082322	PS_Bd_r03_2016_09_19_L003	6	0.0000	0.0002	1.0000
HAMBI_0018_chrm01_circ_1082322	PS_Bd_r03_2016_10_17_L001	6	0.0000	0.0000	1.0000
HAMBI_0018_chrm01_circ_1082322	PS_Bd_r03_2016_11_14_L001	6	0.0000	0.0002	1.0000
HAMBI_0018_chrm01_circ_1082322	PS_Bd_r03_2016_12_12_L001	6	0.0000	0.0000	1.0000
HAMBI_0018_chrm01_circ_1082322	PS_Bd_r03_2017_01_09_L001	6	0.0000	0.0005	1.0000
HAMBI_0018_chrm01_circ_1082322	PS_Bd_r03_2017_04_03_L001	6	0.0093	0.0028	1.0000
HAMBI_0018_chrm01_circ_1082322	PS_Bd_r03_2017_05_29_L001	6	0.1501	0.0109	1.0000
HAMBI_0018_chrm01_circ_1082322	PS_Bd_r03_2017_06_26_L001	6	0.4116	0.0128	1.0000
HAMBI_0018_chrm01_circ_1082322	PS_Bd_r03_2017_07_24_L001	6	0.3676	0.0148	1.0000
HAMBI_0018_chrm01_circ_1082322	PS_Bd_r03_2017_08_21_L001	6	0.5635	0.0122	1.0000
HAMBI_0018_chrm01_circ_1082322	PS_Bd_r03_2017_09_18_L002	6	0.7149	0.0120	1.0000
HAMBI_0018_chrm01_circ_1420311	PS_Bd_r03_2015_08_24_L001-L004_merged	6	0.0000	0.0001	1.0000
HAMBI_0018_chrm01_circ_1420311	PS_Bd_r03_2015_09_21_L001-L004_merged	6	0.0000	0.0002	1.0000
HAMBI_0018_chrm01_circ_1420311	PS_Bd_r03_2015_10_19_L001-L004_merged	6	0.0000	0.0002	1.0000
HAMBI_0018_chrm01_circ_1420311	PS_Bd_r03_2015_11_16_L002	6	0.0000	0.0000	1.0000
HAMBI_0018_chrm01_circ_1420311	PS_Bd_r03_2015_12_14_L002	6	0.0000	0.0000	1.0000
HAMBI_0018_chrm01_circ_1420311	PS_Bd_r03_2016_01_11_L001	6	0.0000	0.0000	1.0000
HAMBI_0018_chrm01_circ_1420311	PS_Bd_r03_2016_02_08_L001	6	0.0000	0.0000	1.0000
HAMBI_0018_chrm01_circ_1420311	PS_Bd_r03_2016_03_07_L001	6	0.0000	0.0000	1.0000
HAMBI_0018_chrm01_circ_1420311	PS_Bd_r03_2016_04_03_L002	6	0.0005	0.0022	1.0000
HAMBI_0018_chrm01_circ_1420311	PS_Bd_r03_2016_05_04_L001	6	0.0000	0.0001	1.0000
HAMBI_0018_chrm01_circ_1420311	PS_Bd_r03_2016_05_30_L001	6	0.0000	0.0000	1.0000
HAMBI_0018_chrm01_circ_1420311	PS_Bd_r03_2016_07_25_L003	6	0.0000	0.0001	1.0000
HAMBI_0018_chrm01_circ_1420311	PS_Bd_r03_2016_08_22_L003	6	0.0000	0.0001	1.0000
HAMBI_0018_chrm01_circ_1420311	PS_Bd_r03_2016_09_19_L003	6	0.0000	0.0002	1.0000
HAMBI_0018_chrm01_circ_1420311	PS_Bd_r03_2016_10_17_L001	6	0.0000	0.0000	1.0000
HAMBI_0018_chrm01_circ_1420311	PS_Bd_r03_2016_11_14_L001	6	0.0000	0.0002	1.0000
HAMBI_0018_chrm01_circ_1420311	PS_Bd_r03_2016_12_12_L001	6	0.0000	0.0000	1.0000
HAMBI_0018_chrm01_circ_1420311	PS_Bd_r03_2017_01_09_L001	6	0.0000	0.0005	1.0000
HAMBI_0018_chrm01_circ_1420311	PS_Bd_r03_2017_04_03_L001	6	0.0093	0.0028	1.0000
HAMBI_0018_chrm01_circ_1420311	PS_Bd_r03_2017_05_29_L001	6	0.1501	0.0109	1.0000
HAMBI_0018_chrm01_circ_1420311	PS_Bd_r03_2017_06_26_L001	6	0.4116	0.0128	1.0000
HAMBI_0018_chrm01_circ_1420311	PS_Bd_r03_2017_07_24_L001	6	0.3676	0.0148	1.0000
HAMBI_0018_chrm01_circ_1420311	PS_Bd_r03_2017_08_21_L001	6	0.5635	0.0122	1.0000
HAMBI_0018_chrm01_circ_1420311	PS_Bd_r03_2017_09_18_L002	6	0.7149	0.0120	1.0000
HAMBI_0018_chrm01_circ_1657960	PS_Bd_r03_2015_08_24_L001-L004_merged	6	0.0000	0.0001	1.0000
HAMBI_0018_chrm01_circ_1657960	PS_Bd_r03_2015_09_21_L001-L004_merged	6	0.0000	0.0002	1.0000
HAMBI_0018_chrm01_circ_1657960	PS_Bd_r03_2015_10_19_L001-L004_merged	6	0.0000	0.0002	1.0000
HAMBI_0018_chrm01_circ_1657960	PS_Bd_r03_2015_11_16_L002	6	0.0000	0.0000	1.0000
HAMBI_0018_chrm01_circ_1657960	PS_Bd_r03_2015_12_14_L002	6	0.0000	0.0000	1.0000
HAMBI_0018_chrm01_circ_1657960	PS_Bd_r03_2016_01_11_L001	6	0.0000	0.0000	1.0000
HAMBI_0018_chrm01_circ_1657960	PS_Bd_r03_2016_02_08_L001	6	0.0000	0.0000	1.0000
HAMBI_0018_chrm01_circ_1657960	PS_Bd_r03_2016_03_07_L001	6	0.0000	0.0000	1.0000
HAMBI_0018_chrm01_circ_1657960	PS_Bd_r03_2016_04_03_L002	6	0.0005	0.0022	1.0000
HAMBI_0018_chrm01_circ_1657960	PS_Bd_r03_2016_05_04_L001	6	0.0000	0.0001	1.0000
HAMBI_0018_chrm01_circ_1657960	PS_Bd_r03_2016_05_30_L001	6	0.0000	0.0000	1.0000
HAMBI_0018_chrm01_circ_1657960	PS_Bd_r03_2016_07_25_L003	6	0.0000	0.0001	1.0000
HAMBI_0018_chrm01_circ_1657960	PS_Bd_r03_2016_08_22_L003	6	0.0000	0.0001	1.0000
HAMBI_0018_chrm01_circ_1657960	PS_Bd_r03_2016_09_19_L003	6	0.0000	0.0002	1.0000
HAMBI_0018_chrm01_circ_1657960	PS_Bd_r03_2016_10_17_L001	6	0.0000	0.0000	1.0000
HAMBI_0018_chrm01_circ_1657960	PS_Bd_r03_2016_11_14_L001	6	0.0000	0.0002	1.0000
HAMBI_0018_chrm01_circ_1657960	PS_Bd_r03_2016_12_12_L001	6	0.0000	0.0000	1.0000
HAMBI_0018_chrm01_circ_1657960	PS_Bd_r03_2017_01_09_L001	6	0.0000	0.0005	1.0000
HAMBI_0018_chrm01_circ_1657960	PS_Bd_r03_2017_04_03_L001	6	0.0093	0.0028	1.0000
HAMBI_0018_chrm01_circ_1657960	PS_Bd_r03_2017_05_29_L001	6	0.1501	0.0109	1.0000
HAMBI_0018_chrm01_circ_1657960	PS_Bd_r03_2017_06_26_L001	6	0.4116	0.0128	1.0000
HAMBI_0018_chrm01_circ_1657960	PS_Bd_r03_2017_07_24_L001	6	0.3676	0.0148	1.0000
HAMBI_0018_chrm01_circ_1657960	PS_Bd_r03_2017_08_21_L001	6	0.5635	0.0122	1.0000
HAMBI_0018_chrm01_circ_1657960	PS_Bd_r03_2017_09_18_L002	6	0.7149	0.0120	1.0000
HAMBI_0018_chrm01_circ_2367295	PS_Bd_r03_2015_08_24_L001-L004_merged	6	0.0000	0.0001	1.0000
HAMBI_0018_chrm01_circ_2367295	PS_Bd_r03_2015_09_21_L001-L004_merged	6	0.0000	0.0002	1.0000
HAMBI_0018_chrm01_circ_2367295	PS_Bd_r03_2015_10_19_L001-L004_merged	6	0.0000	0.0002	1.0000
HAMBI_0018_chrm01_circ_2367295	PS_Bd_r03_2015_11_16_L002	6	0.0000	0.0000	1.0000
HAMBI_0018_chrm01_circ_2367295	PS_Bd_r03_2015_12_14_L002	6	0.0000	0.0000	1.0000
HAMBI_0018_chrm01_circ_2367295	PS_Bd_r03_2016_01_11_L001	6	0.0000	0.0000	1.0000
HAMBI_0018_chrm01_circ_2367295	PS_Bd_r03_2016_02_08_L001	6	0.0000	0.0000	1.0000
HAMBI_0018_chrm01_circ_2367295	PS_Bd_r03_2016_03_07_L001	6	0.0000	0.0000	1.0000
HAMBI_0018_chrm01_circ_2367295	PS_Bd_r03_2016_04_03_L002	6	0.0005	0.0022	1.0000
HAMBI_0018_chrm01_circ_2367295	PS_Bd_r03_2016_05_04_L001	6	0.0000	0.0001	1.0000
HAMBI_0018_chrm01_circ_2367295	PS_Bd_r03_2016_05_30_L001	6	0.0000	0.0000	1.0000
HAMBI_0018_chrm01_circ_2367295	PS_Bd_r03_2016_07_25_L003	6	0.0000	0.0001	1.0000
HAMBI_0018_chrm01_circ_2367295	PS_Bd_r03_2016_08_22_L003	6	0.0000	0.0001	1.0000
HAMBI_0018_chrm01_circ_2367295	PS_Bd_r03_2016_09_19_L003	6	0.0000	0.0002	1.0000
HAMBI_0018_chrm01_circ_2367295	PS_Bd_r03_2016_10_17_L001	6	0.0000	0.0000	1.0000
HAMBI_0018_chrm01_circ_2367295	PS_Bd_r03_2016_11_14_L001	6	0.0000	0.0002	1.0000
HAMBI_0018_chrm01_circ_2367295	PS_Bd_r03_2016_12_12_L001	6	0.0000	0.0000	1.0000
HAMBI_0018_chrm01_circ_2367295	PS_Bd_r03_2017_01_09_L001	6	0.0000	0.0005	1.0000
HAMBI_0018_chrm01_circ_2367295	PS_Bd_r03_2017_04_03_L001	6	0.0093	0.0028	1.0000
HAMBI_0018_chrm01_circ_2367295	PS_Bd_r03_2017_05_29_L001	6	0.1501	0.0109	1.0000
HAMBI_0018_chrm01_circ_2367295	PS_Bd_r03_2017_06_26_L001	6	0.4116	0.0128	1.0000
HAMBI_0018_chrm01_circ_2367295	PS_Bd_r03_2017_07_24_L001	6	0.3676	0.0148	1.0000
HAMBI_0018_chrm01_circ_2367295	PS_Bd_r03_2017_08_21_L001	6	0.5635	0.0122	1.0000
HAMBI_0018_chrm01_circ_2367295	PS_Bd_r03_2017_09_18_L002	6	0.7149	0.0120	1.0000
HAMBI_0018_chrm01_circ_2752105	PS_Bd_r03_2015_08_24_L001-L004_merged	6	0.0000	0.0001	1.0000
HAMBI_0018_chrm01_circ_2752105	PS_Bd_r03_2015_09_21_L001-L004_merged	6	0.0000	0.0002	1.0000
HAMBI_0018_chrm01_circ_2752105	PS_Bd_r03_2015_10_19_L001-L004_merged	6	0.0000	0.0002	1.0000
HAMBI_0018_chrm01_circ_2752105	PS_Bd_r03_2015_11_16_L002	6	0.0000	0.0000	1.0000
HAMBI_0018_chrm01_circ_2752105	PS_Bd_r03_2015_12_14_L002	6	0.0000	0.0000	1.0000
HAMBI_0018_chrm01_circ_2752105	PS_Bd_r03_2016_01_11_L001	6	0.0000	0.0000	1.0000
HAMBI_0018_chrm01_circ_2752105	PS_Bd_r03_2016_02_08_L001	6	0.0000	0.0000	1.0000
HAMBI_0018_chrm01_circ_2752105	PS_Bd_r03_2016_03_07_L001	6	0.0000	0.0000	1.0000
HAMBI_0018_chrm01_circ_2752105	PS_Bd_r03_2016_04_03_L002	6	0.0005	0.0022	1.0000
HAMBI_0018_chrm01_circ_2752105	PS_Bd_r03_2016_05_04_L001	6	0.0000	0.0001	1.0000
HAMBI_0018_chrm01_circ_2752105	PS_Bd_r03_2016_05_30_L001	6	0.0000	0.0000	1.0000
HAMBI_0018_chrm01_circ_2752105	PS_Bd_r03_2016_07_25_L003	6	0.0000	0.0001	1.0000
HAMBI_0018_chrm01_circ_2752105	PS_Bd_r03_2016_08_22_L003	6	0.0000	0.0001	1.0000
HAMBI_0018_chrm01_circ_2752105	PS_Bd_r03_2016_09_19_L003	6	0.0000	0.0002	1.0000
HAMBI_0018_chrm01_circ_2752105	PS_Bd_r03_2016_10_17_L001	6	0.0000	0.0000	1.0000
HAMBI_0018_chrm01_circ_2752105	PS_Bd_r03_2016_11_14_L001	6	0.0000	0.0002	1.0000
HAMBI_0018_chrm01_circ_2752105	PS_Bd_r03_2016_12_12_L001	6	0.0000	0.0000	1.0000
HAMBI_0018_chrm01_circ_2752105	PS_Bd_r03_2017_01_09_L001	6	0.0000	0.0005	1.0000
HAMBI_0018_chrm01_circ_2752105	PS_Bd_r03_2017_04_03_L001	6	0.0093	0.0028	1.0000
HAMBI_0018_chrm01_circ_2752105	PS_Bd_r03_2017_05_29_L001	6	0.1501	0.0109	1.0000
HAMBI_0018_chrm01_circ_2752105	PS_Bd_r03_2017_06_26_L001	6	0.4116	0.0128	1.0000
HAMBI_0018_chrm01_circ_2752105	PS_Bd_r03_2017_07_24_L001	6	0.3676	0.0148	1.0000
HAMBI_0018_chrm01_circ_2752105	PS_Bd_r03_2017_08_21_L001	6	0.5635	0.0122	1.0000
HAMBI_0018_chrm01_circ_2752105	PS_Bd_r03_2017_09_18_L002	6	0.7149	0.0120	1.0000
HAMBI_0018_chrm01_circ_2788227	PS_Bd_r03_2015_08_24_L001-L004_merged	6	0.0000	0.0001	1.0000
HAMBI_0018_chrm01_circ_2788227	PS_Bd_r03_2015_09_21_L001-L004_merged	6	0.0000	0.0002	1.0000
HAMBI_0018_chrm01_circ_2788227	PS_Bd_r03_2015_10_19_L001-L004_merged	6	0.0000	0.0002	1.0000
HAMBI_0018_chrm01_circ_2788227	PS_Bd_r03_2015_11_16_L002	6	0.0000	0.0000	1.0000
HAMBI_0018_chrm01_circ_2788227	PS_Bd_r03_2015_12_14_L002	6	0.0000	0.0000	1.0000
HAMBI_0018_chrm01_circ_2788227	PS_Bd_r03_2016_01_11_L001	6	0.0000	0.0000	1.0000
HAMBI_0018_chrm01_circ_2788227	PS_Bd_r03_2016_02_08_L001	6	0.0000	0.0000	1.0000
HAMBI_0018_chrm01_circ_2788227	PS_Bd_r03_2016_03_07_L001	6	0.0000	0.0000	1.0000
HAMBI_0018_chrm01_circ_2788227	PS_Bd_r03_2016_04_03_L002	6	0.0005	0.0022	1.0000
HAMBI_0018_chrm01_circ_2788227	PS_Bd_r03_2016_05_04_L001	6	0.0000	0.0001	1.0000
HAMBI_0018_chrm01_circ_2788227	PS_Bd_r03_2016_05_30_L001	6	0.0000	0.0000	1.0000
HAMBI_0018_chrm01_circ_2788227	PS_Bd_r03_2016_07_25_L003	6	0.0000	0.0001	1.0000
HAMBI_0018_chrm01_circ_2788227	PS_Bd_r03_2016_08_22_L003	6	0.0000	0.0001	1.0000
HAMBI_0018_chrm01_circ_2788227	PS_Bd_r03_2016_09_19_L003	6	0.0000	0.0002	1.0000
HAMBI_0018_chrm01_circ_2788227	PS_Bd_r03_2016_10_17_L001	6	0.0000	0.0000	1.0000
HAMBI_0018_chrm01_circ_2788227	PS_Bd_r03_2016_11_14_L001	6	0.0000	0.0002	1.0000
HAMBI_0018_chrm01_circ_2788227	PS_Bd_r03_2016_12_12_L001	6	0.0000	0.0000	1.0000
HAMBI_0018_chrm01_circ_2788227	PS_Bd_r03_2017_01_09_L001	6	0.0000	0.0005	1.0000
HAMBI_0018_chrm01_circ_2788227	PS_Bd_r03_2017_04_03_L001	6	0.0093	0.0028	1.0000
HAMBI_0018_chrm01_circ_2788227	PS_Bd_r03_2017_05_29_L001	6	0.1501	0.0109	1.0000
HAMBI_0018_chrm01_circ_2788227	PS_Bd_r03_2017_06_26_L001	6	0.4116	0.0128	1.0000
HAMBI_0018_chrm01_circ_2788227	PS_Bd_r03_2017_07_24_L001	6	0.3676	0.0148	1.0000
HAMBI_0018_chrm01_circ_2788227	PS_Bd_r03_2017_08_21_L001	6	0.5635	0.0122	1.0000
HAMBI_0018_chrm01_circ_2788227	PS_Bd_r03_2017_09_18_L002	6	0.7149	0.0120	1.0000
HAMBI_0018_chrm01_circ_2821552	PS_Bd_r03_2015_08_24_L001-L004_merged	6	0.0000	0.0001	1.0000
HAMBI_0018_chrm01_circ_2821552	PS_Bd_r03_2015_09_21_L001-L004_merged	6	0.0000	0.0002	1.0000
HAMBI_0018_chrm01_circ_2821552	PS_Bd_r03_2015_10_19_L001-L004_merged	6	0.0000	0.0002	1.0000
HAMBI_0018_chrm01_circ_2821552	PS_Bd_r03_2015_11_16_L002	6	0.0000	0.0000	1.0000
HAMBI_0018_chrm01_circ_2821552	PS_Bd_r03_2015_12_14_L002	6	0.0000	0.0000	1.0000
HAMBI_0018_chrm01_circ_2821552	PS_Bd_r03_2016_01_11_L001	6	0.0000	0.0000	1.0000
HAMBI_0018_chrm01_circ_2821552	PS_Bd_r03_2016_02_08_L001	6	0.0000	0.0000	1.0000
HAMBI_0018_chrm01_circ_2821552	PS_Bd_r03_2016_03_07_L001	6	0.0000	0.0000	1.0000
HAMBI_0018_chrm01_circ_2821552	PS_Bd_r03_2016_04_03_L002	6	0.0005	0.0022	1.0000
HAMBI_0018_chrm01_circ_2821552	PS_Bd_r03_2016_05_04_L001	6	0.0000	0.0001	1.0000
HAMBI_0018_chrm01_circ_2821552	PS_Bd_r03_2016_05_30_L001	6	0.0000	0.0000	1.0000
HAMBI_0018_chrm01_circ_2821552	PS_Bd_r03_2016_07_25_L003	6	0.0000	0.0001	1.0000
HAMBI_0018_chrm01_circ_2821552	PS_Bd_r03_2016_08_22_L003	6	0.0000	0.0001	1.0000
HAMBI_0018_chrm01_circ_2821552	PS_Bd_r03_2016_09_19_L003	6	0.0000	0.0002	1.0000
HAMBI_0018_chrm01_circ_2821552	PS_Bd_r03_2016_10_17_L001	6	0.0000	0.0000	1.0000
HAMBI_0018_chrm01_circ_2821552	PS_Bd_r03_2016_11_14_L001	6	0.0000	0.0002	1.0000
HAMBI_0018_chrm01_circ_2821552	PS_Bd_r03_2016_12_12_L001	6	0.0000	0.0000	1.0000
HAMBI_0018_chrm01_circ_2821552	PS_Bd_r03_2017_01_09_L001	6	0.0000	0.0005	1.0000
HAMBI_0018_chrm01_circ_2821552	PS_Bd_r03_2017_04_03_L001	6	0.0093	0.0028	1.0000
HAMBI_0018_chrm01_circ_2821552	PS_Bd_r03_2017_05_29_L001	6	0.1501	0.0109	1.0000
HAMBI_0018_chrm01_circ_2821552	PS_Bd_r03_2017_06_26_L001	6	0.4116	0.0128	1.0000
HAMBI_0018_chrm01_circ_2821552	PS_Bd_r03_2017_07_24_L001	6	0.3676	0.0148	1.0000
HAMBI_0018_chrm01_circ_2821552	PS_Bd_r03_2017_08_21_L001	6	0.5635	0.0122	1.0000
HAMBI_0018_chrm01_circ_2821552	PS_Bd_r03_2017_09_18_L002	6	0.7149	0.0120	1.0000
HAMBI_0018_chrm01_circ_2937600	PS_Bd_r03_2015_08_24_L001-L004_merged	6	0.0000	0.0001	1.0000
HAMBI_0018_chrm01_circ_2937600	PS_Bd_r03_2015_09_21_L001-L004_merged	6	0.0000	0.0002	1.0000
HAMBI_0018_chrm01_circ_2937600	PS_Bd_r03_2015_10_19_L001-L004_merged	6	0.0000	0.0002	1.0000
HAMBI_0018_chrm01_circ_2937600	PS_Bd_r03_2015_11_16_L002	6	0.0000	0.0000	1.0000
HAMBI_0018_chrm01_circ_2937600	PS_Bd_r03_2015_12_14_L002	6	0.0000	0.0000	1.0000
HAMBI_0018_chrm01_circ_2937600	PS_Bd_r03_2016_01_11_L001	6	0.0000	0.0000	1.0000
HAMBI_0018_chrm01_circ_2937600	PS_Bd_r03_2016_02_08_L001	6	0.0000	0.0000	1.0000
HAMBI_0018_chrm01_circ_2937600	PS_Bd_r03_2016_03_07_L001	6	0.0000	0.0000	1.0000
HAMBI_0018_chrm01_circ_2937600	PS_Bd_r03_2016_04_03_L002	6	0.0005	0.0022	1.0000
HAMBI_0018_chrm01_circ_2937600	PS_Bd_r03_2016_05_04_L001	6	0.0000	0.0001	1.0000
HAMBI_0018_chrm01_circ_2937600	PS_Bd_r03_2016_05_30_L001	6	0.0000	0.0000	1.0000
HAMBI_0018_chrm01_circ_2937600	PS_Bd_r03_2016_07_25_L003	6	0.0000	0.0001	1.0000
HAMBI_0018_chrm01_circ_2937600	PS_Bd_r03_2016_08_22_L003	6	0.0000	0.0001	1.0000
HAMBI_0018_chrm01_circ_2937600	PS_Bd_r03_2016_09_19_L003	6	0.0000	0.0002	1.0000
HAMBI_0018_chrm01_circ_2937600	PS_Bd_r03_2016_10_17_L001	6	0.0000	0.0000	1.0000
HAMBI_0018_chrm01_circ_2937600	PS_Bd_r03_2016_11_14_L001	6	0.0000	0.0002	1.0000
HAMBI_0018_chrm01_circ_2937600	PS_Bd_r03_2016_12_12_L001	6	0.0000	0.0000	1.0000
HAMBI_0018_chrm01_circ_2937600	PS_Bd_r03_2017_01_09_L001	6	0.0000	0.0005	1.0000
HAMBI_0018_chrm01_circ_2937600	PS_Bd_r03_2017_04_03_L001	6	0.0093	0.0028	1.0000
HAMBI_0018_chrm01_circ_2937600	PS_Bd_r03_2017_05_29_L001	6	0.1501	0.0109	1.0000
HAMBI_0018_chrm01_circ_2937600	PS_Bd_r03_2017_06_26_L001	6	0.4116	0.0128	1.0000
HAMBI_0018_chrm01_circ_2937600	PS_Bd_r03_2017_07_24_L001	6	0.3676	0.0148	1.0000
HAMBI_0018_chrm01_circ_2937600	PS_Bd_r03_2017_08_21_L001	6	0.5635	0.0122	1.0000
HAMBI_0018_chrm01_circ_2937600	PS_Bd_r03_2017_09_18_L002	6	0.7149	0.0120	1.0000
HAMBI_0018_chrm01_circ_2953445	PS_Bd_r03_2015_08_24_L001-L004_merged	6	0.0000	0.0001	1.0000
HAMBI_0018_chrm01_circ_2953445	PS_Bd_r03_2015_09_21_L001-L004_merged	6	0.0000	0.0002	1.0000
HAMBI_0018_chrm01_circ_2953445	PS_Bd_r03_2015_10_19_L001-L004_merged	6	0.0000	0.0002	1.0000
HAMBI_0018_chrm01_circ_2953445	PS_Bd_r03_2015_11_16_L002	6	0.0000	0.0000	1.0000
HAMBI_0018_chrm01_circ_2953445	PS_Bd_r03_2015_12_14_L002	6	0.0000	0.0000	1.0000
HAMBI_0018_chrm01_circ_2953445	PS_Bd_r03_2016_01_11_L001	6	0.0000	0.0000	1.0000
HAMBI_0018_chrm01_circ_2953445	PS_Bd_r03_2016_02_08_L001	6	0.0000	0.0000	1.0000
HAMBI_0018_chrm01_circ_2953445	PS_Bd_r03_2016_03_07_L001	6	0.0000	0.0000	1.0000
HAMBI_0018_chrm01_circ_2953445	PS_Bd_r03_2016_04_03_L002	6	0.0005	0.0022	1.0000
HAMBI_0018_chrm01_circ_2953445	PS_Bd_r03_2016_05_04_L001	6	0.0000	0.0001	1.0000
HAMBI_0018_chrm01_circ_2953445	PS_Bd_r03_2016_05_30_L001	6	0.0000	0.0000	1.0000
HAMBI_0018_chrm01_circ_2953445	PS_Bd_r03_2016_07_25_L003	6	0.0000	0.0001	1.0000
HAMBI_0018_chrm01_circ_2953445	PS_Bd_r03_2016_08_22_L003	6	0.0000	0.0001	1.0000
HAMBI_0018_chrm01_circ_2953445	PS_Bd_r03_2016_09_19_L003	6	0.0000	0.0002	1.0000
HAMBI_0018_chrm01_circ_2953445	PS_Bd_r03_2016_10_17_L001	6	0.0000	0.0000	1.0000
HAMBI_0018_chrm01_circ_2953445	PS_Bd_r03_2016_11_14_L001	6	0.0000	0.0002	1.0000
HAMBI_0018_chrm01_circ_2953445	PS_Bd_r03_2016_12_12_L001	6	0.0000	0.0000	1.0000
HAMBI_0018_chrm01_circ_2953445	PS_Bd_r03_2017_01_09_L001	6	0.0000	0.0005	1.0000
HAMBI_0018_chrm01_circ_2953445	PS_Bd_r03_2017_04_03_L001	6	0.0093	0.0028	1.0000
HAMBI_0018_chrm01_circ_2953445	PS_Bd_r03_2017_05_29_L001	6	0.1501	0.0109	1.0000
HAMBI_0018_chrm01_circ_2953445	PS_Bd_r03_2017_06_26_L001	6	0.4116	0.0128	1.0000
HAMBI_0018_chrm01_circ_2953445	PS_Bd_r03_2017_07_24_L001	6	0.3676	0.0148	1.0000
HAMBI_0018_chrm01_circ_2953445	PS_Bd_r03_2017_08_21_L001	6	0.5635	0.0122	1.0000
HAMBI_0018_chrm01_circ_2953445	PS_Bd_r03_2017_09_18_L002	6	0.7149	0.0120	1.0000
HAMBI_0018_chrm01_circ_3199680	PS_Bd_r03_2015_08_24_L001-L004_merged	6	0.0000	0.0001	1.0000
HAMBI_0018_chrm01_circ_3199680	PS_Bd_r03_2015_09_21_L001-L004_merged	6	0.0000	0.0002	1.0000
HAMBI_0018_chrm01_circ_3199680	PS_Bd_r03_2015_10_19_L001-L004_merged	6	0.0000	0.0002	1.0000
HAMBI_0018_chrm01_circ_3199680	PS_Bd_r03_2015_11_16_L002	6	0.0000	0.0000	1.0000
HAMBI_0018_chrm01_circ_3199680	PS_Bd_r03_2015_12_14_L002	6	0.0000	0.0000	1.0000
HAMBI_0018_chrm01_circ_3199680	PS_Bd_r03_2016_01_11_L001	6	0.0000	0.0000	1.0000
HAMBI_0018_chrm01_circ_3199680	PS_Bd_r03_2016_02_08_L001	6	0.0000	0.0000	1.0000
HAMBI_0018_chrm01_circ_3199680	PS_Bd_r03_2016_03_07_L001	6	0.0000	0.0000	1.0000
HAMBI_0018_chrm01_circ_3199680	PS_Bd_r03_2016_04_03_L002	6	0.0005	0.0022	1.0000
HAMBI_0018_chrm01_circ_3199680	PS_Bd_r03_2016_05_04_L001	6	0.0000	0.0001	1.0000
HAMBI_0018_chrm01_circ_3199680	PS_Bd_r03_2016_05_30_L001	6	0.0000	0.0000	1.0000
HAMBI_0018_chrm01_circ_3199680	PS_Bd_r03_2016_07_25_L003	6	0.0000	0.0001	1.0000
HAMBI_0018_chrm01_circ_3199680	PS_Bd_r03_2016_08_22_L003	6	0.0000	0.0001	1.0000
HAMBI_0018_chrm01_circ_3199680	PS_Bd_r03_2016_09_19_L003	6	0.0000	0.0002	1.0000
HAMBI_0018_chrm01_circ_3199680	PS_Bd_r03_2016_10_17_L001	6	0.0000	0.0000	1.0000
HAMBI_0018_chrm01_circ_3199680	PS_Bd_r03_2016_11_14_L001	6	0.0000	0.0002	1.0000
HAMBI_0018_chrm01_circ_3199680	PS_Bd_r03_2016_12_12_L001	6	0.0000	0.0000	1.0000
HAMBI_0018_chrm01_circ_3199680	PS_Bd_r03_2017_01_09_L001	6	0.0000	0.0005	1.0000
HAMBI_0018_chrm01_circ_3199680	PS_Bd_r03_2017_04_03_L001	6	0.0093	0.0028	1.0000
HAMBI_0018_chrm01_circ_3199680	PS_Bd_r03_2017_05_29_L001	6	0.1501	0.0109	1.0000
HAMBI_0018_chrm01_circ_3199680	PS_Bd_r03_2017_06_26_L001	6	0.4116	0.0128	1.0000
HAMBI_0018_chrm01_circ_3199680	PS_Bd_r03_2017_07_24_L001	6	0.3676	0.0148	1.0000
HAMBI_0018_chrm01_circ_3199680	PS_Bd_r03_2017_08_21_L001	6	0.5635	0.0122	1.0000
HAMBI_0018_chrm01_circ_3199680	PS_Bd_r03_2017_09_18_L002	6	0.7149	0.0120	1.0000
HAMBI_0018_chrm01_circ_403010	PS_Bd_r03_2015_08_24_L001-L004_merged	6	0.0000	0.0001	1.0000
HAMBI_0018_chrm01_circ_403010	PS_Bd_r03_2015_09_21_L001-L004_merged	6	0.0000	0.0002	1.0000
HAMBI_0018_chrm01_circ_403010	PS_Bd_r03_2015_10_19_L001-L004_merged	6	0.0000	0.0002	1.0000
HAMBI_0018_chrm01_circ_403010	PS_Bd_r03_2015_11_16_L002	6	0.0000	0.0000	1.0000
HAMBI_0018_chrm01_circ_403010	PS_Bd_r03_2015_12_14_L002	6	0.0000	0.0000	1.0000
HAMBI_0018_chrm01_circ_403010	PS_Bd_r03_2016_01_11_L001	6	0.0000	0.0000	1.0000
HAMBI_0018_chrm01_circ_403010	PS_Bd_r03_2016_02_08_L001	6	0.0000	0.0000	1.0000
HAMBI_0018_chrm01_circ_403010	PS_Bd_r03_2016_03_07_L001	6	0.0000	0.0000	1.0000
HAMBI_0018_chrm01_circ_403010	PS_Bd_r03_2016_04_03_L002	6	0.0005	0.0022	1.0000
HAMBI_0018_chrm01_circ_403010	PS_Bd_r03_2016_05_04_L001	6	0.0000	0.0001	1.0000
HAMBI_0018_chrm01_circ_403010	PS_Bd_r03_2016_05_30_L001	6	0.0000	0.0000	1.0000
HAMBI_0018_chrm01_circ_403010	PS_Bd_r03_2016_07_25_L003	6	0.0000	0.0001	1.0000
HAMBI_0018_chrm01_circ_403010	PS_Bd_r03_2016_08_22_L003	6	0.0000	0.0001	1.0000
HAMBI_0018_chrm01_circ_403010	PS_Bd_r03_2016_09_19_L003	6	0.0000	0.0002	1.0000
HAMBI_0018_chrm01_circ_403010	PS_Bd_r03_2016_10_17_L001	6	0.0000	0.0000	1.0000
HAMBI_0018_chrm01_circ_403010	PS_Bd_r03_2016_11_14_L001	6	0.0000	0.0002	1.0000
HAMBI_0018_chrm01_circ_403010	PS_Bd_r03_2016_12_12_L001	6	0.0000	0.0000	1.0000
HAMBI_0018_chrm01_circ_403010	PS_Bd_r03_2017_01_09_L001	6	0.0000	0.0005	1.0000
HAMBI_0018_chrm01_circ_403010	PS_Bd_r03_2017_04_03_L001	6	0.0093	0.0028	1.0000
HAMBI_0018_chrm01_circ_403010	PS_Bd_r03_2017_05_29_L001	6	0.1501	0.0109	1.0000
HAMBI_0018_chrm01_circ_403010	PS_Bd_r03_2017_06_26_L001	6	0.4116	0.0128	1.0000
HAMBI_0018_chrm01_circ_403010	PS_Bd_r03_2017_07_24_L001	6	0.3676	0.0148	1.0000
HAMBI_0018_chrm01_circ_403010	PS_Bd_r03_2017_08_21_L001	6	0.5635	0.0122	1.0000
HAMBI_0018_chrm01_circ_403010	PS_Bd_r03_2017_09_18_L002	6	0.7149	0.0120	1.0000
HAMBI_0018_chrm01_circ_493802	PS_Bd_r03_2015_08_24_L001-L004_merged	6	0.0000	0.0001	1.0000
HAMBI_0018_chrm01_circ_493802	PS_Bd_r03_2015_09_21_L001-L004_merged	6	0.0000	0.0002	1.0000
HAMBI_0018_chrm01_circ_493802	PS_Bd_r03_2015_10_19_L001-L004_merged	6	0.0000	0.0002	1.0000
HAMBI_0018_chrm01_circ_493802	PS_Bd_r03_2015_11_16_L002	6	0.0000	0.0000	1.0000
HAMBI_0018_chrm01_circ_493802	PS_Bd_r03_2015_12_14_L002	6	0.0000	0.0000	1.0000
HAMBI_0018_chrm01_circ_493802	PS_Bd_r03_2016_01_11_L001	6	0.0000	0.0000	1.0000
HAMBI_0018_chrm01_circ_493802	PS_Bd_r03_2016_02_08_L001	6	0.0000	0.0000	1.0000
HAMBI_0018_chrm01_circ_493802	PS_Bd_r03_2016_03_07_L001	6	0.0000	0.0000	1.0000
HAMBI_0018_chrm01_circ_493802	PS_Bd_r03_2016_04_03_L002	6	0.0005	0.0022	1.0000
HAMBI_0018_chrm01_circ_493802	PS_Bd_r03_2016_05_04_L001	6	0.0000	0.0001	1.0000
HAMBI_0018_chrm01_circ_493802	PS_Bd_r03_2016_05_30_L001	6	0.0000	0.0000	1.0000
HAMBI_0018_chrm01_circ_493802	PS_Bd_r03_2016_07_25_L003	6	0.0000	0.0001	1.0000
HAMBI_0018_chrm01_circ_493802	PS_Bd_r03_2016_08_22_L003	6	0.0000	0.0001	1.0000
HAMBI_0018_chrm01_circ_493802	PS_Bd_r03_2016_09_19_L003	6	0.0000	0.0002	1.0000
HAMBI_0018_chrm01_circ_493802	PS_Bd_r03_2016_10_17_L001	6	0.0000	0.0000	1.0000
HAMBI_0018_chrm01_circ_493802	PS_Bd_r03_2016_11_14_L001	6	0.0000	0.0002	1.0000
HAMBI_0018_chrm01_circ_493802	PS_Bd_r03_2016_12_12_L001	6	0.0000	0.0000	1.0000
HAMBI_0018_chrm01_circ_493802	PS_Bd_r03_2017_01_09_L001	6	0.0000	0.0005	1.0000
HAMBI_0018_chrm01_circ_493802	PS_Bd_r03_2017_04_03_L001	6	0.0093	0.0028	1.0000
HAMBI_0018_chrm01_circ_493802	PS_Bd_r03_2017_05_29_L001	6	0.1501	0.0109	1.0000
HAMBI_0018_chrm01_circ_493802	PS_Bd_r03_2017_06_26_L001	6	0.4116	0.0128	1.0000
HAMBI_0018_chrm01_circ_493802	PS_Bd_r03_2017_07_24_L001	6	0.3676	0.0148	1.0000
HAMBI_0018_chrm01_circ_493802	PS_Bd_r03_2017_08_21_L001	6	0.5635	0.0122	1.0000
HAMBI_0018_chrm01_circ_493802	PS_Bd_r03_2017_09_18_L002	6	0.7149	0.0120	1.0000
HAMBI_0018_chrm01_circ_518085	PS_Bd_r03_2015_08_24_L001-L004_merged	6	0.0000	0.0001	1.0000
HAMBI_0018_chrm01_circ_518085	PS_Bd_r03_2015_09_21_L001-L004_merged	6	0.0000	0.0002	1.0000
HAMBI_0018_chrm01_circ_518085	PS_Bd_r03_2015_10_19_L001-L004_merged	6	0.0000	0.0002	1.0000
HAMBI_0018_chrm01_circ_518085	PS_Bd_r03_2015_11_16_L002	6	0.0000	0.0000	1.0000
HAMBI_0018_chrm01_circ_518085	PS_Bd_r03_2015_12_14_L002	6	0.0000	0.0000	1.0000
HAMBI_0018_chrm01_circ_518085	PS_Bd_r03_2016_01_11_L001	6	0.0000	0.0000	1.0000
HAMBI_0018_chrm01_circ_518085	PS_Bd_r03_2016_02_08_L001	6	0.0000	0.0000	1.0000
HAMBI_0018_chrm01_circ_518085	PS_Bd_r03_2016_03_07_L001	6	0.0000	0.0000	1.0000
HAMBI_0018_chrm01_circ_518085	PS_Bd_r03_2016_04_03_L002	6	0.0005	0.0022	1.0000
HAMBI_0018_chrm01_circ_518085	PS_Bd_r03_2016_05_04_L001	6	0.0000	0.0001	1.0000
HAMBI_0018_chrm01_circ_518085	PS_Bd_r03_2016_05_30_L001	6	0.0000	0.0000	1.0000
HAMBI_0018_chrm01_circ_518085	PS_Bd_r03_2016_07_25_L003	6	0.0000	0.0001	1.0000
HAMBI_0018_chrm01_circ_518085	PS_Bd_r03_2016_08_22_L003	6	0.0000	0.0001	1.0000
HAMBI_0018_chrm01_circ_518085	PS_Bd_r03_2016_09_19_L003	6	0.0000	0.0002	1.0000
HAMBI_0018_chrm01_circ_518085	PS_Bd_r03_2016_10_17_L001	6	0.0000	0.0000	1.0000
HAMBI_0018_chrm01_circ_518085	PS_Bd_r03_2016_11_14_L001	6	0.0000	0.0002	1.0000
HAMBI_0018_chrm01_circ_518085	PS_Bd_r03_2016_12_12_L001	6	0.0000	0.0000	1.0000
HAMBI_0018_chrm01_circ_518085	PS_Bd_r03_2017_01_09_L001	6	0.0000	0.0005	1.0000
HAMBI_0018_chrm01_circ_518085	PS_Bd_r03_2017_04_03_L001	6	0.0093	0.0028	1.0000
HAMBI_0018_chrm01_circ_518085	PS_Bd_r03_2017_05_29_L001	6	0.1501	0.0109	1.0000
HAMBI_0018_chrm01_circ_518085	PS_Bd_r03_2017_06_26_L001	6	0.4116	0.0128	1.0000
HAMBI_0018_chrm01_circ_518085	PS_Bd_r03_2017_07_24_L001	6	0.3676	0.0148	1.0000
HAMBI_0018_chrm01_circ_518085	PS_Bd_r03_2017_08_21_L001	6	0.5635	0.0122	1.0000
HAMBI_0018_chrm01_circ_518085	PS_Bd_r03_2017_09_18_L002	6	0.7149	0.0120	1.0000
HAMBI_0018_chrm01_circ_519295	PS_Bd_r03_2015_08_24_L001-L004_merged	6	0.0000	0.0001	1.0000
HAMBI_0018_chrm01_circ_519295	PS_Bd_r03_2015_09_21_L001-L004_merged	6	0.0000	0.0002	1.0000
HAMBI_0018_chrm01_circ_519295	PS_Bd_r03_2015_10_19_L001-L004_merged	6	0.0000	0.0002	1.0000
HAMBI_0018_chrm01_circ_519295	PS_Bd_r03_2015_11_16_L002	6	0.0000	0.0000	1.0000
HAMBI_0018_chrm01_circ_519295	PS_Bd_r03_2015_12_14_L002	6	0.0000	0.0000	1.0000
HAMBI_0018_chrm01_circ_519295	PS_Bd_r03_2016_01_11_L001	6	0.0000	0.0000	1.0000
HAMBI_0018_chrm01_circ_519295	PS_Bd_r03_2016_02_08_L001	6	0.0000	0.0000	1.0000
HAMBI_0018_chrm01_circ_519295	PS_Bd_r03_2016_03_07_L001	6	0.0000	0.0000	1.0000
HAMBI_0018_chrm01_circ_519295	PS_Bd_r03_2016_04_03_L002	6	0.0005	0.0022	1.0000
HAMBI_0018_chrm01_circ_519295	PS_Bd_r03_2016_05_04_L001	6	0.0000	0.0001	1.0000
HAMBI_0018_chrm01_circ_519295	PS_Bd_r03_2016_05_30_L001	6	0.0000	0.0000	1.0000
HAMBI_0018_chrm01_circ_519295	PS_Bd_r03_2016_07_25_L003	6	0.0000	0.0001	1.0000
HAMBI_0018_chrm01_circ_519295	PS_Bd_r03_2016_08_22_L003	6	0.0000	0.0001	1.0000
HAMBI_0018_chrm01_circ_519295	PS_Bd_r03_2016_09_19_L003	6	0.0000	0.0002	1.0000
HAMBI_0018_chrm01_circ_519295	PS_Bd_r03_2016_10_17_L001	6	0.0000	0.0000	1.0000
HAMBI_0018_chrm01_circ_519295	PS_Bd_r03_2016_11_14_L001	6	0.0000	0.0002	1.0000
HAMBI_0018_chrm01_circ_519295	PS_Bd_r03_2016_12_12_L001	6	0.0000	0.0000	1.0000
HAMBI_0018_chrm01_circ_519295	PS_Bd_r03_2017_01_09_L001	6	0.0000	0.0005	1.0000
HAMBI_0018_chrm01_circ_519295	PS_Bd_r03_2017_04_03_L001	6	0.0093	0.0028	1.0000
HAMBI_0018_chrm01_circ_519295	PS_Bd_r03_2017_05_29_L001	6	0.1501	0.0109	1.0000
HAMBI_0018_chrm01_circ_519295	PS_Bd_r03_2017_06_26_L001	6	0.4116	0.0128	1.0000
HAMBI_0018_chrm01_circ_519295	PS_Bd_r03_2017_07_24_L001	6	0.3676	0.0148	1.0000
HAMBI_0018_chrm01_circ_519295	PS_Bd_r03_2017_08_21_L001	6	0.5635	0.0122	1.0000
HAMBI_0018_chrm01_circ_519295	PS_Bd_r03_2017_09_18_L002	6	0.7149	0.0120	1.0000
