mutation_id	sample_id	ref_counts	alt_counts	major_cn	minor_cn	normal_cn
HAMBI_0018_chrm01_circ_1082289	NP_Bd_r01_2016_10_11_L001-L004_merged	130	0	1	0	1
HAMBI_0018_chrm01_circ_1082623	NP_Bd_r01_2016_10_11_L001-L004_merged	126	0	1	0	1
HAMBI_0018_chrm01_circ_1083193	NP_Bd_r01_2016_10_11_L001-L004_merged	127	0	1	0	1
HAMBI_0018_chrm01_circ_1083340	NP_Bd_r01_2016_10_11_L001-L004_merged	129	0	1	0	1
HAMBI_0018_chrm01_circ_1084353	NP_Bd_r01_2016_10_11_L001-L004_merged	131	0	1	0	1
HAMBI_0018_chrm01_circ_1216295	NP_Bd_r01_2016_10_11_L001-L004_merged	122	0	1	0	1
HAMBI_0018_chrm01_circ_1232999	NP_Bd_r01_2016_10_11_L001-L004_merged	106	0	1	0	1
HAMBI_0018_chrm01_circ_1291803	NP_Bd_r01_2016_10_11_L001-L004_merged	109	2	1	0	1
HAMBI_0018_chrm01_circ_1379300	NP_Bd_r01_2016_10_11_L001-L004_merged	76	0	1	0	1
HAMBI_0018_chrm01_circ_1380728	NP_Bd_r01_2016_10_11_L001-L004_merged	110	0	1	0	1
HAMBI_0018_chrm01_circ_143446	NP_Bd_r01_2016_10_11_L001-L004_merged	123	0	1	0	1
HAMBI_0018_chrm01_circ_1466323	NP_Bd_r01_2016_10_11_L001-L004_merged	115	0	1	0	1
HAMBI_0018_chrm01_circ_1674325	NP_Bd_r01_2016_10_11_L001-L004_merged	109	0	1	0	1
HAMBI_0018_chrm01_circ_1845017	NP_Bd_r01_2016_10_11_L001-L004_merged	75	0	1	0	1
HAMBI_0018_chrm01_circ_1873068	NP_Bd_r01_2016_10_11_L001-L004_merged	115	0	1	0	1
HAMBI_0018_chrm01_circ_2047315	NP_Bd_r01_2016_10_11_L001-L004_merged	100	0	1	0	1
HAMBI_0018_chrm01_circ_2058353	NP_Bd_r01_2016_10_11_L001-L004_merged	130	0	1	0	1
HAMBI_0018_chrm01_circ_2169533	NP_Bd_r01_2016_10_11_L001-L004_merged	60	0	1	0	1
HAMBI_0018_chrm01_circ_2192204	NP_Bd_r01_2016_10_11_L001-L004_merged	115	1	1	0	1
HAMBI_0018_chrm01_circ_2192835	NP_Bd_r01_2016_10_11_L001-L004_merged	123	0	1	0	1
HAMBI_0018_chrm01_circ_2193310	NP_Bd_r01_2016_10_11_L001-L004_merged	126	0	1	0	1
HAMBI_0018_chrm01_circ_2258819	NP_Bd_r01_2016_10_11_L001-L004_merged	109	0	1	0	1
HAMBI_0018_chrm01_circ_2338394	NP_Bd_r01_2016_10_11_L001-L004_merged	113	0	1	0	1
HAMBI_0018_chrm01_circ_2349096	NP_Bd_r01_2016_10_11_L001-L004_merged	111	0	1	0	1
HAMBI_0018_chrm01_circ_2356507	NP_Bd_r01_2016_10_11_L001-L004_merged	123	0	1	0	1
HAMBI_0018_chrm01_circ_2379568	NP_Bd_r01_2016_10_11_L001-L004_merged	118	0	1	0	1
HAMBI_0018_chrm01_circ_2624430	NP_Bd_r01_2016_10_11_L001-L004_merged	118	0	1	0	1
HAMBI_0018_chrm01_circ_28423	NP_Bd_r01_2016_10_11_L001-L004_merged	193	0	1	0	1
HAMBI_0018_chrm01_circ_2979053	NP_Bd_r01_2016_10_11_L001-L004_merged	122	0	1	0	1
HAMBI_0018_chrm01_circ_2995292	NP_Bd_r01_2016_10_11_L001-L004_merged	129	0	1	0	1
HAMBI_0018_chrm01_circ_2998242	NP_Bd_r01_2016_10_11_L001-L004_merged	105	0	1	0	1
HAMBI_0018_chrm01_circ_2999289	NP_Bd_r01_2016_10_11_L001-L004_merged	74	0	1	0	1
HAMBI_0018_chrm01_circ_3029831	NP_Bd_r01_2016_10_11_L001-L004_merged	142	0	1	0	1
HAMBI_0018_chrm01_circ_3141027	NP_Bd_r01_2016_10_11_L001-L004_merged	100	0	1	0	1
HAMBI_0018_chrm01_circ_3141087	NP_Bd_r01_2016_10_11_L001-L004_merged	120	0	1	0	1
HAMBI_0018_chrm01_circ_3163269	NP_Bd_r01_2016_10_11_L001-L004_merged	131	0	1	0	1
HAMBI_0018_chrm01_circ_3190358	NP_Bd_r01_2016_10_11_L001-L004_merged	46	0	1	0	1
HAMBI_0018_chrm01_circ_3214427	NP_Bd_r01_2016_10_11_L001-L004_merged	126	0	1	0	1
HAMBI_0018_chrm01_circ_457266	NP_Bd_r01_2016_10_11_L001-L004_merged	124	0	1	0	1
HAMBI_0018_chrm01_circ_52198	NP_Bd_r01_2016_10_11_L001-L004_merged	134	0	1	0	1
HAMBI_0018_chrm01_circ_547794	NP_Bd_r01_2016_10_11_L001-L004_merged	116	0	1	0	1
HAMBI_0018_chrm01_circ_57786	NP_Bd_r01_2016_10_11_L001-L004_merged	125	0	1	0	1
HAMBI_0018_chrm01_circ_81966	NP_Bd_r01_2016_10_11_L001-L004_merged	111	0	1	0	1
HAMBI_0018_chrm01_circ_899239	NP_Bd_r01_2016_10_11_L001-L004_merged	141	0	1	0	1
HAMBI_0018_chrm01_circ_900190	NP_Bd_r01_2016_10_11_L001-L004_merged	122	0	1	0	1
HAMBI_0018_chrm01_circ_982309	NP_Bd_r01_2016_10_11_L001-L004_merged	120	0	1	0	1
HAMBI_0018_chrm01_circ_1082289	NP_Bd_r01_2017_02_06_L001-L004_merged	161	4	1	0	1
HAMBI_0018_chrm01_circ_1082623	NP_Bd_r01_2017_02_06_L001-L004_merged	195	2	1	0	1
HAMBI_0018_chrm01_circ_1083193	NP_Bd_r01_2017_02_06_L001-L004_merged	155	0	1	0	1
HAMBI_0018_chrm01_circ_1083340	NP_Bd_r01_2017_02_06_L001-L004_merged	171	0	1	0	1
HAMBI_0018_chrm01_circ_1084353	NP_Bd_r01_2017_02_06_L001-L004_merged	146	0	1	0	1
HAMBI_0018_chrm01_circ_1216295	NP_Bd_r01_2017_02_06_L001-L004_merged	151	1	1	0	1
HAMBI_0018_chrm01_circ_1232999	NP_Bd_r01_2017_02_06_L001-L004_merged	138	0	1	0	1
HAMBI_0018_chrm01_circ_1291803	NP_Bd_r01_2017_02_06_L001-L004_merged	123	3	1	0	1
HAMBI_0018_chrm01_circ_1379300	NP_Bd_r01_2017_02_06_L001-L004_merged	134	0	1	0	1
HAMBI_0018_chrm01_circ_1380728	NP_Bd_r01_2017_02_06_L001-L004_merged	167	0	1	0	1
HAMBI_0018_chrm01_circ_143446	NP_Bd_r01_2017_02_06_L001-L004_merged	148	3	1	0	1
HAMBI_0018_chrm01_circ_1466323	NP_Bd_r01_2017_02_06_L001-L004_merged	147	0	1	0	1
HAMBI_0018_chrm01_circ_1674325	NP_Bd_r01_2017_02_06_L001-L004_merged	162	0	1	0	1
HAMBI_0018_chrm01_circ_1845017	NP_Bd_r01_2017_02_06_L001-L004_merged	118	0	1	0	1
HAMBI_0018_chrm01_circ_1873068	NP_Bd_r01_2017_02_06_L001-L004_merged	174	0	1	0	1
HAMBI_0018_chrm01_circ_2047315	NP_Bd_r01_2017_02_06_L001-L004_merged	172	0	1	0	1
HAMBI_0018_chrm01_circ_2058353	NP_Bd_r01_2017_02_06_L001-L004_merged	185	0	1	0	1
HAMBI_0018_chrm01_circ_2169533	NP_Bd_r01_2017_02_06_L001-L004_merged	60	0	1	0	1
HAMBI_0018_chrm01_circ_2192204	NP_Bd_r01_2017_02_06_L001-L004_merged	149	10	1	0	1
HAMBI_0018_chrm01_circ_2192835	NP_Bd_r01_2017_02_06_L001-L004_merged	129	1	1	0	1
HAMBI_0018_chrm01_circ_2193310	NP_Bd_r01_2017_02_06_L001-L004_merged	83	52	1	0	1
HAMBI_0018_chrm01_circ_2258819	NP_Bd_r01_2017_02_06_L001-L004_merged	160	0	1	0	1
HAMBI_0018_chrm01_circ_2338394	NP_Bd_r01_2017_02_06_L001-L004_merged	168	0	1	0	1
HAMBI_0018_chrm01_circ_2349096	NP_Bd_r01_2017_02_06_L001-L004_merged	167	0	1	0	1
HAMBI_0018_chrm01_circ_2356507	NP_Bd_r01_2017_02_06_L001-L004_merged	149	0	1	0	1
HAMBI_0018_chrm01_circ_2379568	NP_Bd_r01_2017_02_06_L001-L004_merged	155	0	1	0	1
HAMBI_0018_chrm01_circ_2624430	NP_Bd_r01_2017_02_06_L001-L004_merged	151	5	1	0	1
HAMBI_0018_chrm01_circ_28423	NP_Bd_r01_2017_02_06_L001-L004_merged	243	16	1	0	1
HAMBI_0018_chrm01_circ_2979053	NP_Bd_r01_2017_02_06_L001-L004_merged	182	0	1	0	1
HAMBI_0018_chrm01_circ_2995292	NP_Bd_r01_2017_02_06_L001-L004_merged	156	0	1	0	1
HAMBI_0018_chrm01_circ_2998242	NP_Bd_r01_2017_02_06_L001-L004_merged	159	0	1	0	1
HAMBI_0018_chrm01_circ_2999289	NP_Bd_r01_2017_02_06_L001-L004_merged	133	0	1	0	1
HAMBI_0018_chrm01_circ_3029831	NP_Bd_r01_2017_02_06_L001-L004_merged	201	0	1	0	1
HAMBI_0018_chrm01_circ_3141027	NP_Bd_r01_2017_02_06_L001-L004_merged	162	0	1	0	1
HAMBI_0018_chrm01_circ_3141087	NP_Bd_r01_2017_02_06_L001-L004_merged	173	0	1	0	1
HAMBI_0018_chrm01_circ_3163269	NP_Bd_r01_2017_02_06_L001-L004_merged	173	0	1	0	1
HAMBI_0018_chrm01_circ_3190358	NP_Bd_r01_2017_02_06_L001-L004_merged	66	0	1	0	1
HAMBI_0018_chrm01_circ_3214427	NP_Bd_r01_2017_02_06_L001-L004_merged	136	0	1	0	1
HAMBI_0018_chrm01_circ_457266	NP_Bd_r01_2017_02_06_L001-L004_merged	178	1	1	0	1
HAMBI_0018_chrm01_circ_52198	NP_Bd_r01_2017_02_06_L001-L004_merged	148	0	1	0	1
HAMBI_0018_chrm01_circ_547794	NP_Bd_r01_2017_02_06_L001-L004_merged	127	0	1	0	1
HAMBI_0018_chrm01_circ_57786	NP_Bd_r01_2017_02_06_L001-L004_merged	184	0	1	0	1
HAMBI_0018_chrm01_circ_81966	NP_Bd_r01_2017_02_06_L001-L004_merged	184	0	1	0	1
HAMBI_0018_chrm01_circ_899239	NP_Bd_r01_2017_02_06_L001-L004_merged	165	0	1	0	1
HAMBI_0018_chrm01_circ_900190	NP_Bd_r01_2017_02_06_L001-L004_merged	188	0	1	0	1
HAMBI_0018_chrm01_circ_982309	NP_Bd_r01_2017_02_06_L001-L004_merged	166	6	1	0	1
HAMBI_0018_chrm01_circ_1082289	NP_Bd_r01_2017_03_06_L002	104	58	1	0	1
HAMBI_0018_chrm01_circ_1082623	NP_Bd_r01_2017_03_06_L002	223	5	1	0	1
HAMBI_0018_chrm01_circ_1083193	NP_Bd_r01_2017_03_06_L002	166	1	1	0	1
HAMBI_0018_chrm01_circ_1083340	NP_Bd_r01_2017_03_06_L002	154	10	1	0	1
HAMBI_0018_chrm01_circ_1084353	NP_Bd_r01_2017_03_06_L002	190	0	1	0	1
HAMBI_0018_chrm01_circ_1216295	NP_Bd_r01_2017_03_06_L002	200	3	1	0	1
HAMBI_0018_chrm01_circ_1232999	NP_Bd_r01_2017_03_06_L002	164	0	1	0	1
HAMBI_0018_chrm01_circ_1291803	NP_Bd_r01_2017_03_06_L002	71	78	1	0	1
HAMBI_0018_chrm01_circ_1379300	NP_Bd_r01_2017_03_06_L002	131	0	1	0	1
HAMBI_0018_chrm01_circ_1380728	NP_Bd_r01_2017_03_06_L002	150	0	1	0	1
HAMBI_0018_chrm01_circ_143446	NP_Bd_r01_2017_03_06_L002	181	6	1	0	1
HAMBI_0018_chrm01_circ_1466323	NP_Bd_r01_2017_03_06_L002	183	0	1	0	1
HAMBI_0018_chrm01_circ_1674325	NP_Bd_r01_2017_03_06_L002	180	0	1	0	1
HAMBI_0018_chrm01_circ_1845017	NP_Bd_r01_2017_03_06_L002	161	1	1	0	1
HAMBI_0018_chrm01_circ_1873068	NP_Bd_r01_2017_03_06_L002	202	1	1	0	1
HAMBI_0018_chrm01_circ_2047315	NP_Bd_r01_2017_03_06_L002	157	0	1	0	1
HAMBI_0018_chrm01_circ_2058353	NP_Bd_r01_2017_03_06_L002	192	0	1	0	1
HAMBI_0018_chrm01_circ_2169533	NP_Bd_r01_2017_03_06_L002	100	0	1	0	1
HAMBI_0018_chrm01_circ_2192204	NP_Bd_r01_2017_03_06_L002	87	89	1	0	1
HAMBI_0018_chrm01_circ_2192835	NP_Bd_r01_2017_03_06_L002	142	2	1	0	1
HAMBI_0018_chrm01_circ_2193310	NP_Bd_r01_2017_03_06_L002	145	17	1	0	1
HAMBI_0018_chrm01_circ_2258819	NP_Bd_r01_2017_03_06_L002	200	0	1	0	1
HAMBI_0018_chrm01_circ_2338394	NP_Bd_r01_2017_03_06_L002	176	0	1	0	1
HAMBI_0018_chrm01_circ_2349096	NP_Bd_r01_2017_03_06_L002	148	0	1	0	1
HAMBI_0018_chrm01_circ_2356507	NP_Bd_r01_2017_03_06_L002	188	0	1	0	1
HAMBI_0018_chrm01_circ_2379568	NP_Bd_r01_2017_03_06_L002	247	0	1	0	1
HAMBI_0018_chrm01_circ_2624430	NP_Bd_r01_2017_03_06_L002	167	9	1	0	1
HAMBI_0018_chrm01_circ_28423	NP_Bd_r01_2017_03_06_L002	234	29	1	0	1
HAMBI_0018_chrm01_circ_2979053	NP_Bd_r01_2017_03_06_L002	223	0	1	0	1
HAMBI_0018_chrm01_circ_2995292	NP_Bd_r01_2017_03_06_L002	193	0	1	0	1
HAMBI_0018_chrm01_circ_2998242	NP_Bd_r01_2017_03_06_L002	180	0	1	0	1
HAMBI_0018_chrm01_circ_2999289	NP_Bd_r01_2017_03_06_L002	179	0	1	0	1
HAMBI_0018_chrm01_circ_3029831	NP_Bd_r01_2017_03_06_L002	202	0	1	0	1
HAMBI_0018_chrm01_circ_3141027	NP_Bd_r01_2017_03_06_L002	197	0	1	0	1
HAMBI_0018_chrm01_circ_3141087	NP_Bd_r01_2017_03_06_L002	176	0	1	0	1
HAMBI_0018_chrm01_circ_3163269	NP_Bd_r01_2017_03_06_L002	203	7	1	0	1
HAMBI_0018_chrm01_circ_3190358	NP_Bd_r01_2017_03_06_L002	48	0	1	0	1
HAMBI_0018_chrm01_circ_3214427	NP_Bd_r01_2017_03_06_L002	167	1	1	0	1
HAMBI_0018_chrm01_circ_457266	NP_Bd_r01_2017_03_06_L002	193	7	1	0	1
HAMBI_0018_chrm01_circ_52198	NP_Bd_r01_2017_03_06_L002	207	0	1	0	1
HAMBI_0018_chrm01_circ_547794	NP_Bd_r01_2017_03_06_L002	158	0	1	0	1
HAMBI_0018_chrm01_circ_57786	NP_Bd_r01_2017_03_06_L002	200	0	1	0	1
HAMBI_0018_chrm01_circ_81966	NP_Bd_r01_2017_03_06_L002	174	0	1	0	1
HAMBI_0018_chrm01_circ_899239	NP_Bd_r01_2017_03_06_L002	184	0	1	0	1
HAMBI_0018_chrm01_circ_900190	NP_Bd_r01_2017_03_06_L002	183	0	1	0	1
HAMBI_0018_chrm01_circ_982309	NP_Bd_r01_2017_03_06_L002	97	66	1	0	1
HAMBI_0018_chrm01_circ_1082289	NP_Bd_r01_2017_04_03_L002	100	29	1	0	1
HAMBI_0018_chrm01_circ_1082623	NP_Bd_r01_2017_04_03_L002	107	32	1	0	1
HAMBI_0018_chrm01_circ_1083193	NP_Bd_r01_2017_04_03_L002	136	4	1	0	1
HAMBI_0018_chrm01_circ_1083340	NP_Bd_r01_2017_04_03_L002	138	1	1	0	1
HAMBI_0018_chrm01_circ_1084353	NP_Bd_r01_2017_04_03_L002	135	0	1	0	1
HAMBI_0018_chrm01_circ_1216295	NP_Bd_r01_2017_04_03_L002	123	2	1	0	1
HAMBI_0018_chrm01_circ_1232999	NP_Bd_r01_2017_04_03_L002	112	0	1	0	1
HAMBI_0018_chrm01_circ_1291803	NP_Bd_r01_2017_04_03_L002	72	41	1	0	1
HAMBI_0018_chrm01_circ_1379300	NP_Bd_r01_2017_04_03_L002	103	0	1	0	1
HAMBI_0018_chrm01_circ_1380728	NP_Bd_r01_2017_04_03_L002	120	0	1	0	1
HAMBI_0018_chrm01_circ_143446	NP_Bd_r01_2017_04_03_L002	121	0	1	0	1
HAMBI_0018_chrm01_circ_1466323	NP_Bd_r01_2017_04_03_L002	165	0	1	0	1
HAMBI_0018_chrm01_circ_1674325	NP_Bd_r01_2017_04_03_L002	145	0	1	0	1
HAMBI_0018_chrm01_circ_1845017	NP_Bd_r01_2017_04_03_L002	136	4	1	0	1
HAMBI_0018_chrm01_circ_1873068	NP_Bd_r01_2017_04_03_L002	121	0	1	0	1
HAMBI_0018_chrm01_circ_2047315	NP_Bd_r01_2017_04_03_L002	123	0	1	0	1
HAMBI_0018_chrm01_circ_2058353	NP_Bd_r01_2017_04_03_L002	113	0	1	0	1
HAMBI_0018_chrm01_circ_2169533	NP_Bd_r01_2017_04_03_L002	79	0	1	0	1
HAMBI_0018_chrm01_circ_2192204	NP_Bd_r01_2017_04_03_L002	86	63	1	0	1
HAMBI_0018_chrm01_circ_2192835	NP_Bd_r01_2017_04_03_L002	123	5	1	0	1
HAMBI_0018_chrm01_circ_2193310	NP_Bd_r01_2017_04_03_L002	105	17	1	0	1
HAMBI_0018_chrm01_circ_2258819	NP_Bd_r01_2017_04_03_L002	148	0	1	0	1
HAMBI_0018_chrm01_circ_2338394	NP_Bd_r01_2017_04_03_L002	146	0	1	0	1
HAMBI_0018_chrm01_circ_2349096	NP_Bd_r01_2017_04_03_L002	132	0	1	0	1
HAMBI_0018_chrm01_circ_2356507	NP_Bd_r01_2017_04_03_L002	144	0	1	0	1
HAMBI_0018_chrm01_circ_2379568	NP_Bd_r01_2017_04_03_L002	131	0	1	0	1
HAMBI_0018_chrm01_circ_2624430	NP_Bd_r01_2017_04_03_L002	128	2	1	0	1
HAMBI_0018_chrm01_circ_28423	NP_Bd_r01_2017_04_03_L002	154	19	1	0	1
HAMBI_0018_chrm01_circ_2979053	NP_Bd_r01_2017_04_03_L002	168	0	1	0	1
HAMBI_0018_chrm01_circ_2995292	NP_Bd_r01_2017_04_03_L002	128	0	1	0	1
HAMBI_0018_chrm01_circ_2998242	NP_Bd_r01_2017_04_03_L002	131	0	1	0	1
HAMBI_0018_chrm01_circ_2999289	NP_Bd_r01_2017_04_03_L002	116	0	1	0	1
HAMBI_0018_chrm01_circ_3029831	NP_Bd_r01_2017_04_03_L002	107	0	1	0	1
HAMBI_0018_chrm01_circ_3141027	NP_Bd_r01_2017_04_03_L002	150	0	1	0	1
HAMBI_0018_chrm01_circ_3141087	NP_Bd_r01_2017_04_03_L002	133	0	1	0	1
HAMBI_0018_chrm01_circ_3163269	NP_Bd_r01_2017_04_03_L002	93	37	1	0	1
HAMBI_0018_chrm01_circ_3190358	NP_Bd_r01_2017_04_03_L002	61	0	1	0	1
HAMBI_0018_chrm01_circ_3214427	NP_Bd_r01_2017_04_03_L002	114	0	1	0	1
HAMBI_0018_chrm01_circ_457266	NP_Bd_r01_2017_04_03_L002	138	2	1	0	1
HAMBI_0018_chrm01_circ_52198	NP_Bd_r01_2017_04_03_L002	168	0	1	0	1
HAMBI_0018_chrm01_circ_547794	NP_Bd_r01_2017_04_03_L002	111	0	1	0	1
HAMBI_0018_chrm01_circ_57786	NP_Bd_r01_2017_04_03_L002	151	0	1	0	1
HAMBI_0018_chrm01_circ_81966	NP_Bd_r01_2017_04_03_L002	136	0	1	0	1
HAMBI_0018_chrm01_circ_899239	NP_Bd_r01_2017_04_03_L002	125	0	1	0	1
HAMBI_0018_chrm01_circ_900190	NP_Bd_r01_2017_04_03_L002	150	0	1	0	1
HAMBI_0018_chrm01_circ_982309	NP_Bd_r01_2017_04_03_L002	58	67	1	0	1
HAMBI_0018_chrm01_circ_1082289	NP_Bd_r01_2017_09_18_L001	146	42	1	0	1
HAMBI_0018_chrm01_circ_1082623	NP_Bd_r01_2017_09_18_L001	159	19	1	0	1
HAMBI_0018_chrm01_circ_1083193	NP_Bd_r01_2017_09_18_L001	129	16	1	0	1
HAMBI_0018_chrm01_circ_1083340	NP_Bd_r01_2017_09_18_L001	102	29	1	0	1
HAMBI_0018_chrm01_circ_1084353	NP_Bd_r01_2017_09_18_L001	137	20	1	0	1
HAMBI_0018_chrm01_circ_1216295	NP_Bd_r01_2017_09_18_L001	112	72	1	0	1
HAMBI_0018_chrm01_circ_1232999	NP_Bd_r01_2017_09_18_L001	152	29	1	0	1
HAMBI_0018_chrm01_circ_1291803	NP_Bd_r01_2017_09_18_L001	102	43	1	0	1
HAMBI_0018_chrm01_circ_1379300	NP_Bd_r01_2017_09_18_L001	136	0	1	0	1
HAMBI_0018_chrm01_circ_1380728	NP_Bd_r01_2017_09_18_L001	113	21	1	0	1
HAMBI_0018_chrm01_circ_143446	NP_Bd_r01_2017_09_18_L001	130	35	1	0	1
HAMBI_0018_chrm01_circ_1466323	NP_Bd_r01_2017_09_18_L001	168	0	1	0	1
HAMBI_0018_chrm01_circ_1674325	NP_Bd_r01_2017_09_18_L001	164	0	1	0	1
HAMBI_0018_chrm01_circ_1845017	NP_Bd_r01_2017_09_18_L001	105	25	1	0	1
HAMBI_0018_chrm01_circ_1873068	NP_Bd_r01_2017_09_18_L001	119	27	1	0	1
HAMBI_0018_chrm01_circ_2047315	NP_Bd_r01_2017_09_18_L001	157	0	1	0	1
HAMBI_0018_chrm01_circ_2058353	NP_Bd_r01_2017_09_18_L001	147	0	1	0	1
HAMBI_0018_chrm01_circ_2169533	NP_Bd_r01_2017_09_18_L001	74	5	1	0	1
HAMBI_0018_chrm01_circ_2192204	NP_Bd_r01_2017_09_18_L001	119	69	1	0	1
HAMBI_0018_chrm01_circ_2192835	NP_Bd_r01_2017_09_18_L001	102	66	1	0	1
HAMBI_0018_chrm01_circ_2193310	NP_Bd_r01_2017_09_18_L001	135	9	1	0	1
HAMBI_0018_chrm01_circ_2258819	NP_Bd_r01_2017_09_18_L001	150	0	1	0	1
HAMBI_0018_chrm01_circ_2338394	NP_Bd_r01_2017_09_18_L001	125	38	1	0	1
HAMBI_0018_chrm01_circ_2349096	NP_Bd_r01_2017_09_18_L001	138	25	1	0	1
HAMBI_0018_chrm01_circ_2356507	NP_Bd_r01_2017_09_18_L001	175	0	1	0	1
HAMBI_0018_chrm01_circ_2379568	NP_Bd_r01_2017_09_18_L001	173	0	1	0	1
HAMBI_0018_chrm01_circ_2624430	NP_Bd_r01_2017_09_18_L001	113	69	1	0	1
HAMBI_0018_chrm01_circ_28423	NP_Bd_r01_2017_09_18_L001	245	14	1	0	1
HAMBI_0018_chrm01_circ_2979053	NP_Bd_r01_2017_09_18_L001	192	0	1	0	1
HAMBI_0018_chrm01_circ_2995292	NP_Bd_r01_2017_09_18_L001	174	0	1	0	1
HAMBI_0018_chrm01_circ_2998242	NP_Bd_r01_2017_09_18_L001	155	0	1	0	1
HAMBI_0018_chrm01_circ_2999289	NP_Bd_r01_2017_09_18_L001	131	0	1	0	1
HAMBI_0018_chrm01_circ_3029831	NP_Bd_r01_2017_09_18_L001	177	0	1	0	1
HAMBI_0018_chrm01_circ_3141027	NP_Bd_r01_2017_09_18_L001	168	0	1	0	1
HAMBI_0018_chrm01_circ_3141087	NP_Bd_r01_2017_09_18_L001	172	0	1	0	1
HAMBI_0018_chrm01_circ_3163269	NP_Bd_r01_2017_09_18_L001	175	19	1	0	1
HAMBI_0018_chrm01_circ_3190358	NP_Bd_r01_2017_09_18_L001	59	0	1	0	1
HAMBI_0018_chrm01_circ_3214427	NP_Bd_r01_2017_09_18_L001	165	3	1	0	1
HAMBI_0018_chrm01_circ_457266	NP_Bd_r01_2017_09_18_L001	104	77	1	0	1
HAMBI_0018_chrm01_circ_52198	NP_Bd_r01_2017_09_18_L001	172	23	1	0	1
HAMBI_0018_chrm01_circ_547794	NP_Bd_r01_2017_09_18_L001	175	0	1	0	1
HAMBI_0018_chrm01_circ_57786	NP_Bd_r01_2017_09_18_L001	125	29	1	0	1
HAMBI_0018_chrm01_circ_81966	NP_Bd_r01_2017_09_18_L001	142	32	1	0	1
HAMBI_0018_chrm01_circ_899239	NP_Bd_r01_2017_09_18_L001	190	0	1	0	1
HAMBI_0018_chrm01_circ_900190	NP_Bd_r01_2017_09_18_L001	196	0	1	0	1
HAMBI_0018_chrm01_circ_982309	NP_Bd_r01_2017_09_18_L001	107	63	1	0	1
HAMBI_0018_chrm01_circ_1082289	NP_Bd_r01_2017_11_14_L001-L004_merged	264	16	1	0	1
HAMBI_0018_chrm01_circ_1082623	NP_Bd_r01_2017_11_14_L001-L004_merged	297	10	1	0	1
HAMBI_0018_chrm01_circ_1083193	NP_Bd_r01_2017_11_14_L001-L004_merged	232	35	1	0	1
HAMBI_0018_chrm01_circ_1083340	NP_Bd_r01_2017_11_14_L001-L004_merged	169	114	1	0	1
HAMBI_0018_chrm01_circ_1084353	NP_Bd_r01_2017_11_14_L001-L004_merged	200	96	1	0	1
HAMBI_0018_chrm01_circ_1216295	NP_Bd_r01_2017_11_14_L001-L004_merged	90	254	1	0	1
HAMBI_0018_chrm01_circ_1232999	NP_Bd_r01_2017_11_14_L001-L004_merged	179	95	1	0	1
HAMBI_0018_chrm01_circ_1291803	NP_Bd_r01_2017_11_14_L001-L004_merged	291	23	1	0	1
HAMBI_0018_chrm01_circ_1379300	NP_Bd_r01_2017_11_14_L001-L004_merged	260	0	1	0	1
HAMBI_0018_chrm01_circ_1380728	NP_Bd_r01_2017_11_14_L001-L004_merged	226	114	1	0	1
HAMBI_0018_chrm01_circ_143446	NP_Bd_r01_2017_11_14_L001-L004_merged	193	114	1	0	1
HAMBI_0018_chrm01_circ_1466323	NP_Bd_r01_2017_11_14_L001-L004_merged	335	0	1	0	1
HAMBI_0018_chrm01_circ_1674325	NP_Bd_r01_2017_11_14_L001-L004_merged	305	0	1	0	1
HAMBI_0018_chrm01_circ_1845017	NP_Bd_r01_2017_11_14_L001-L004_merged	184	94	1	0	1
HAMBI_0018_chrm01_circ_1873068	NP_Bd_r01_2017_11_14_L001-L004_merged	189	93	1	0	1
HAMBI_0018_chrm01_circ_2047315	NP_Bd_r01_2017_11_14_L001-L004_merged	275	0	1	0	1
HAMBI_0018_chrm01_circ_2058353	NP_Bd_r01_2017_11_14_L001-L004_merged	279	0	1	0	1
HAMBI_0018_chrm01_circ_2169533	NP_Bd_r01_2017_11_14_L001-L004_merged	123	68	1	0	1
HAMBI_0018_chrm01_circ_2192204	NP_Bd_r01_2017_11_14_L001-L004_merged	268	36	1	0	1
HAMBI_0018_chrm01_circ_2192835	NP_Bd_r01_2017_11_14_L001-L004_merged	49	270	1	0	1
HAMBI_0018_chrm01_circ_2193310	NP_Bd_r01_2017_11_14_L001-L004_merged	295	3	1	0	1
HAMBI_0018_chrm01_circ_2258819	NP_Bd_r01_2017_11_14_L001-L004_merged	252	5	1	0	1
HAMBI_0018_chrm01_circ_2338394	NP_Bd_r01_2017_11_14_L001-L004_merged	201	126	1	0	1
HAMBI_0018_chrm01_circ_2349096	NP_Bd_r01_2017_11_14_L001-L004_merged	167	96	1	0	1
HAMBI_0018_chrm01_circ_2356507	NP_Bd_r01_2017_11_14_L001-L004_merged	315	1	1	0	1
HAMBI_0018_chrm01_circ_2379568	NP_Bd_r01_2017_11_14_L001-L004_merged	300	5	1	0	1
HAMBI_0018_chrm01_circ_2624430	NP_Bd_r01_2017_11_14_L001-L004_merged	86	207	1	0	1
HAMBI_0018_chrm01_circ_28423	NP_Bd_r01_2017_11_14_L001-L004_merged	397	41	1	0	1
HAMBI_0018_chrm01_circ_2979053	NP_Bd_r01_2017_11_14_L001-L004_merged	321	0	1	0	1
HAMBI_0018_chrm01_circ_2995292	NP_Bd_r01_2017_11_14_L001-L004_merged	293	0	1	0	1
HAMBI_0018_chrm01_circ_2998242	NP_Bd_r01_2017_11_14_L001-L004_merged	281	0	1	0	1
HAMBI_0018_chrm01_circ_2999289	NP_Bd_r01_2017_11_14_L001-L004_merged	244	7	1	0	1
HAMBI_0018_chrm01_circ_3029831	NP_Bd_r01_2017_11_14_L001-L004_merged	274	4	1	0	1
HAMBI_0018_chrm01_circ_3141027	NP_Bd_r01_2017_11_14_L001-L004_merged	247	3	1	0	1
HAMBI_0018_chrm01_circ_3141087	NP_Bd_r01_2017_11_14_L001-L004_merged	249	0	1	0	1
HAMBI_0018_chrm01_circ_3163269	NP_Bd_r01_2017_11_14_L001-L004_merged	321	4	1	0	1
HAMBI_0018_chrm01_circ_3190358	NP_Bd_r01_2017_11_14_L001-L004_merged	147	0	1	0	1
HAMBI_0018_chrm01_circ_3214427	NP_Bd_r01_2017_11_14_L001-L004_merged	279	12	1	0	1
HAMBI_0018_chrm01_circ_457266	NP_Bd_r01_2017_11_14_L001-L004_merged	76	198	1	0	1
HAMBI_0018_chrm01_circ_52198	NP_Bd_r01_2017_11_14_L001-L004_merged	187	109	1	0	1
HAMBI_0018_chrm01_circ_547794	NP_Bd_r01_2017_11_14_L001-L004_merged	235	5	1	0	1
HAMBI_0018_chrm01_circ_57786	NP_Bd_r01_2017_11_14_L001-L004_merged	188	110	1	0	1
HAMBI_0018_chrm01_circ_81966	NP_Bd_r01_2017_11_14_L001-L004_merged	223	126	1	0	1
HAMBI_0018_chrm01_circ_899239	NP_Bd_r01_2017_11_14_L001-L004_merged	299	0	1	0	1
HAMBI_0018_chrm01_circ_900190	NP_Bd_r01_2017_11_14_L001-L004_merged	283	0	1	0	1
HAMBI_0018_chrm01_circ_982309	NP_Bd_r01_2017_11_14_L001-L004_merged	286	26	1	0	1
HAMBI_0018_chrm01_circ_1082289	NP_Bd_r01_2018_06_26_L001	131	32	1	0	1
HAMBI_0018_chrm01_circ_1082623	NP_Bd_r01_2018_06_26_L001	190	0	1	0	1
HAMBI_0018_chrm01_circ_1083193	NP_Bd_r01_2018_06_26_L001	152	15	1	0	1
HAMBI_0018_chrm01_circ_1083340	NP_Bd_r01_2018_06_26_L001	106	78	1	0	1
HAMBI_0018_chrm01_circ_1084353	NP_Bd_r01_2018_06_26_L001	142	39	1	0	1
HAMBI_0018_chrm01_circ_1216295	NP_Bd_r01_2018_06_26_L001	98	129	1	0	1
HAMBI_0018_chrm01_circ_1232999	NP_Bd_r01_2018_06_26_L001	136	77	1	0	1
HAMBI_0018_chrm01_circ_1291803	NP_Bd_r01_2018_06_26_L001	135	77	1	0	1
HAMBI_0018_chrm01_circ_1379300	NP_Bd_r01_2018_06_26_L001	162	0	1	0	1
HAMBI_0018_chrm01_circ_1380728	NP_Bd_r01_2018_06_26_L001	176	37	1	0	1
HAMBI_0018_chrm01_circ_143446	NP_Bd_r01_2018_06_26_L001	85	83	1	0	1
HAMBI_0018_chrm01_circ_1466323	NP_Bd_r01_2018_06_26_L001	203	5	1	0	1
HAMBI_0018_chrm01_circ_1674325	NP_Bd_r01_2018_06_26_L001	194	5	1	0	1
HAMBI_0018_chrm01_circ_1845017	NP_Bd_r01_2018_06_26_L001	119	71	1	0	1
HAMBI_0018_chrm01_circ_1873068	NP_Bd_r01_2018_06_26_L001	144	66	1	0	1
HAMBI_0018_chrm01_circ_2047315	NP_Bd_r01_2018_06_26_L001	175	3	1	0	1
HAMBI_0018_chrm01_circ_2058353	NP_Bd_r01_2018_06_26_L001	179	4	1	0	1
HAMBI_0018_chrm01_circ_2169533	NP_Bd_r01_2018_06_26_L001	144	27	1	0	1
HAMBI_0018_chrm01_circ_2192204	NP_Bd_r01_2018_06_26_L001	130	86	1	0	1
HAMBI_0018_chrm01_circ_2192835	NP_Bd_r01_2018_06_26_L001	92	141	1	0	1
HAMBI_0018_chrm01_circ_2193310	NP_Bd_r01_2018_06_26_L001	224	8	1	0	1
HAMBI_0018_chrm01_circ_2258819	NP_Bd_r01_2018_06_26_L001	200	7	1	0	1
HAMBI_0018_chrm01_circ_2338394	NP_Bd_r01_2018_06_26_L001	107	62	1	0	1
HAMBI_0018_chrm01_circ_2349096	NP_Bd_r01_2018_06_26_L001	146	29	1	0	1
HAMBI_0018_chrm01_circ_2356507	NP_Bd_r01_2018_06_26_L001	161	8	1	0	1
HAMBI_0018_chrm01_circ_2379568	NP_Bd_r01_2018_06_26_L001	170	42	1	0	1
HAMBI_0018_chrm01_circ_2624430	NP_Bd_r01_2018_06_26_L001	79	105	1	0	1
HAMBI_0018_chrm01_circ_28423	NP_Bd_r01_2018_06_26_L001	222	13	1	0	1
HAMBI_0018_chrm01_circ_2979053	NP_Bd_r01_2018_06_26_L001	178	0	1	0	1
HAMBI_0018_chrm01_circ_2995292	NP_Bd_r01_2018_06_26_L001	156	20	1	0	1
HAMBI_0018_chrm01_circ_2998242	NP_Bd_r01_2018_06_26_L001	135	46	1	0	1
HAMBI_0018_chrm01_circ_2999289	NP_Bd_r01_2018_06_26_L001	165	16	1	0	1
HAMBI_0018_chrm01_circ_3029831	NP_Bd_r01_2018_06_26_L001	150	47	1	0	1
HAMBI_0018_chrm01_circ_3141027	NP_Bd_r01_2018_06_26_L001	159	3	1	0	1
HAMBI_0018_chrm01_circ_3141087	NP_Bd_r01_2018_06_26_L001	144	16	1	0	1
HAMBI_0018_chrm01_circ_3163269	NP_Bd_r01_2018_06_26_L001	198	0	1	0	1
HAMBI_0018_chrm01_circ_3190358	NP_Bd_r01_2018_06_26_L001	89	7	1	0	1
HAMBI_0018_chrm01_circ_3214427	NP_Bd_r01_2018_06_26_L001	166	9	1	0	1
HAMBI_0018_chrm01_circ_457266	NP_Bd_r01_2018_06_26_L001	60	117	1	0	1
HAMBI_0018_chrm01_circ_52198	NP_Bd_r01_2018_06_26_L001	131	26	1	0	1
HAMBI_0018_chrm01_circ_547794	NP_Bd_r01_2018_06_26_L001	146	2	1	0	1
HAMBI_0018_chrm01_circ_57786	NP_Bd_r01_2018_06_26_L001	153	30	1	0	1
HAMBI_0018_chrm01_circ_81966	NP_Bd_r01_2018_06_26_L001	112	70	1	0	1
HAMBI_0018_chrm01_circ_899239	NP_Bd_r01_2018_06_26_L001	172	0	1	0	1
HAMBI_0018_chrm01_circ_900190	NP_Bd_r01_2018_06_26_L001	189	0	1	0	1
HAMBI_0018_chrm01_circ_982309	NP_Bd_r01_2018_06_26_L001	137	63	1	0	1
HAMBI_0018_chrm01_circ_1082289	NP_Bd_r01_2018_07_24_L001	62	11	1	0	1
HAMBI_0018_chrm01_circ_1082623	NP_Bd_r01_2018_07_24_L001	95	0	1	0	1
HAMBI_0018_chrm01_circ_1083193	NP_Bd_r01_2018_07_24_L001	78	11	1	0	1
HAMBI_0018_chrm01_circ_1083340	NP_Bd_r01_2018_07_24_L001	36	39	1	0	1
HAMBI_0018_chrm01_circ_1084353	NP_Bd_r01_2018_07_24_L001	85	7	1	0	1
HAMBI_0018_chrm01_circ_1216295	NP_Bd_r01_2018_07_24_L001	38	54	1	0	1
HAMBI_0018_chrm01_circ_1232999	NP_Bd_r01_2018_07_24_L001	45	39	1	0	1
HAMBI_0018_chrm01_circ_1291803	NP_Bd_r01_2018_07_24_L001	58	23	1	0	1
HAMBI_0018_chrm01_circ_1379300	NP_Bd_r01_2018_07_24_L001	70	0	1	0	1
HAMBI_0018_chrm01_circ_1380728	NP_Bd_r01_2018_07_24_L001	100	6	1	0	1
HAMBI_0018_chrm01_circ_143446	NP_Bd_r01_2018_07_24_L001	36	43	1	0	1
HAMBI_0018_chrm01_circ_1466323	NP_Bd_r01_2018_07_24_L001	79	9	1	0	1
HAMBI_0018_chrm01_circ_1674325	NP_Bd_r01_2018_07_24_L001	99	6	1	0	1
HAMBI_0018_chrm01_circ_1845017	NP_Bd_r01_2018_07_24_L001	48	50	1	0	1
HAMBI_0018_chrm01_circ_1873068	NP_Bd_r01_2018_07_24_L001	49	46	1	0	1
HAMBI_0018_chrm01_circ_2047315	NP_Bd_r01_2018_07_24_L001	76	6	1	0	1
HAMBI_0018_chrm01_circ_2058353	NP_Bd_r01_2018_07_24_L001	115	1	1	0	1
HAMBI_0018_chrm01_circ_2169533	NP_Bd_r01_2018_07_24_L001	56	3	1	0	1
HAMBI_0018_chrm01_circ_2192204	NP_Bd_r01_2018_07_24_L001	72	31	1	0	1
HAMBI_0018_chrm01_circ_2192835	NP_Bd_r01_2018_07_24_L001	48	61	1	0	1
HAMBI_0018_chrm01_circ_2193310	NP_Bd_r01_2018_07_24_L001	114	3	1	0	1
HAMBI_0018_chrm01_circ_2258819	NP_Bd_r01_2018_07_24_L001	76	5	1	0	1
HAMBI_0018_chrm01_circ_2338394	NP_Bd_r01_2018_07_24_L001	55	43	1	0	1
HAMBI_0018_chrm01_circ_2349096	NP_Bd_r01_2018_07_24_L001	79	8	1	0	1
HAMBI_0018_chrm01_circ_2356507	NP_Bd_r01_2018_07_24_L001	82	5	1	0	1
HAMBI_0018_chrm01_circ_2379568	NP_Bd_r01_2018_07_24_L001	57	34	1	0	1
HAMBI_0018_chrm01_circ_2624430	NP_Bd_r01_2018_07_24_L001	33	57	1	0	1
HAMBI_0018_chrm01_circ_28423	NP_Bd_r01_2018_07_24_L001	109	15	1	0	1
HAMBI_0018_chrm01_circ_2979053	NP_Bd_r01_2018_07_24_L001	86	1	1	0	1
HAMBI_0018_chrm01_circ_2995292	NP_Bd_r01_2018_07_24_L001	79	10	1	0	1
HAMBI_0018_chrm01_circ_2998242	NP_Bd_r01_2018_07_24_L001	49	38	1	0	1
HAMBI_0018_chrm01_circ_2999289	NP_Bd_r01_2018_07_24_L001	87	12	1	0	1
HAMBI_0018_chrm01_circ_3029831	NP_Bd_r01_2018_07_24_L001	77	20	1	0	1
HAMBI_0018_chrm01_circ_3141027	NP_Bd_r01_2018_07_24_L001	75	2	1	0	1
HAMBI_0018_chrm01_circ_3141087	NP_Bd_r01_2018_07_24_L001	59	19	1	0	1
HAMBI_0018_chrm01_circ_3163269	NP_Bd_r01_2018_07_24_L001	111	0	1	0	1
HAMBI_0018_chrm01_circ_3190358	NP_Bd_r01_2018_07_24_L001	26	11	1	0	1
HAMBI_0018_chrm01_circ_3214427	NP_Bd_r01_2018_07_24_L001	78	2	1	0	1
HAMBI_0018_chrm01_circ_457266	NP_Bd_r01_2018_07_24_L001	32	50	1	0	1
HAMBI_0018_chrm01_circ_52198	NP_Bd_r01_2018_07_24_L001	95	3	1	0	1
HAMBI_0018_chrm01_circ_547794	NP_Bd_r01_2018_07_24_L001	74	3	1	0	1
HAMBI_0018_chrm01_circ_57786	NP_Bd_r01_2018_07_24_L001	84	6	1	0	1
HAMBI_0018_chrm01_circ_81966	NP_Bd_r01_2018_07_24_L001	42	31	1	0	1
HAMBI_0018_chrm01_circ_899239	NP_Bd_r01_2018_07_24_L001	86	0	1	0	1
HAMBI_0018_chrm01_circ_900190	NP_Bd_r01_2018_07_24_L001	80	0	1	0	1
HAMBI_0018_chrm01_circ_982309	NP_Bd_r01_2018_07_24_L001	58	35	1	0	1
HAMBI_0018_chrm01_circ_1082289	NP_Bd_r01_2018_08_21_L002	113	13	1	0	1
HAMBI_0018_chrm01_circ_1082623	NP_Bd_r01_2018_08_21_L002	160	0	1	0	1
HAMBI_0018_chrm01_circ_1083193	NP_Bd_r01_2018_08_21_L002	113	22	1	0	1
HAMBI_0018_chrm01_circ_1083340	NP_Bd_r01_2018_08_21_L002	56	73	1	0	1
HAMBI_0018_chrm01_circ_1084353	NP_Bd_r01_2018_08_21_L002	139	4	1	0	1
HAMBI_0018_chrm01_circ_1216295	NP_Bd_r01_2018_08_21_L002	73	94	1	0	1
HAMBI_0018_chrm01_circ_1232999	NP_Bd_r01_2018_08_21_L002	70	102	1	0	1
HAMBI_0018_chrm01_circ_1291803	NP_Bd_r01_2018_08_21_L002	134	31	1	0	1
HAMBI_0018_chrm01_circ_1379300	NP_Bd_r01_2018_08_21_L002	140	0	1	0	1
HAMBI_0018_chrm01_circ_1380728	NP_Bd_r01_2018_08_21_L002	163	3	1	0	1
HAMBI_0018_chrm01_circ_143446	NP_Bd_r01_2018_08_21_L002	48	70	1	0	1
HAMBI_0018_chrm01_circ_1466323	NP_Bd_r01_2018_08_21_L002	136	11	1	0	1
HAMBI_0018_chrm01_circ_1674325	NP_Bd_r01_2018_08_21_L002	150	10	1	0	1
HAMBI_0018_chrm01_circ_1845017	NP_Bd_r01_2018_08_21_L002	53	80	1	0	1
HAMBI_0018_chrm01_circ_1873068	NP_Bd_r01_2018_08_21_L002	70	96	1	0	1
HAMBI_0018_chrm01_circ_2047315	NP_Bd_r01_2018_08_21_L002	112	15	1	0	1
HAMBI_0018_chrm01_circ_2058353	NP_Bd_r01_2018_08_21_L002	161	9	1	0	1
HAMBI_0018_chrm01_circ_2169533	NP_Bd_r01_2018_08_21_L002	64	2	1	0	1
HAMBI_0018_chrm01_circ_2192204	NP_Bd_r01_2018_08_21_L002	117	45	1	0	1
HAMBI_0018_chrm01_circ_2192835	NP_Bd_r01_2018_08_21_L002	43	123	1	0	1
HAMBI_0018_chrm01_circ_2193310	NP_Bd_r01_2018_08_21_L002	157	2	1	0	1
HAMBI_0018_chrm01_circ_2258819	NP_Bd_r01_2018_08_21_L002	156	14	1	0	1
HAMBI_0018_chrm01_circ_2338394	NP_Bd_r01_2018_08_21_L002	64	74	1	0	1
HAMBI_0018_chrm01_circ_2349096	NP_Bd_r01_2018_08_21_L002	144	2	1	0	1
HAMBI_0018_chrm01_circ_2356507	NP_Bd_r01_2018_08_21_L002	112	19	1	0	1
HAMBI_0018_chrm01_circ_2379568	NP_Bd_r01_2018_08_21_L002	83	77	1	0	1
HAMBI_0018_chrm01_circ_2624430	NP_Bd_r01_2018_08_21_L002	64	118	1	0	1
HAMBI_0018_chrm01_circ_28423	NP_Bd_r01_2018_08_21_L002	144	28	1	0	1
HAMBI_0018_chrm01_circ_2979053	NP_Bd_r01_2018_08_21_L002	165	0	1	0	1
HAMBI_0018_chrm01_circ_2995292	NP_Bd_r01_2018_08_21_L002	114	20	1	0	1
HAMBI_0018_chrm01_circ_2998242	NP_Bd_r01_2018_08_21_L002	84	71	1	0	1
HAMBI_0018_chrm01_circ_2999289	NP_Bd_r01_2018_08_21_L002	121	19	1	0	1
HAMBI_0018_chrm01_circ_3029831	NP_Bd_r01_2018_08_21_L002	84	71	1	0	1
HAMBI_0018_chrm01_circ_3141027	NP_Bd_r01_2018_08_21_L002	148	6	1	0	1
HAMBI_0018_chrm01_circ_3141087	NP_Bd_r01_2018_08_21_L002	88	59	1	0	1
HAMBI_0018_chrm01_circ_3163269	NP_Bd_r01_2018_08_21_L002	129	0	1	0	1
HAMBI_0018_chrm01_circ_3190358	NP_Bd_r01_2018_08_21_L002	26	26	1	0	1
HAMBI_0018_chrm01_circ_3214427	NP_Bd_r01_2018_08_21_L002	113	4	1	0	1
HAMBI_0018_chrm01_circ_457266	NP_Bd_r01_2018_08_21_L002	46	96	1	0	1
HAMBI_0018_chrm01_circ_52198	NP_Bd_r01_2018_08_21_L002	131	6	1	0	1
HAMBI_0018_chrm01_circ_547794	NP_Bd_r01_2018_08_21_L002	118	0	1	0	1
HAMBI_0018_chrm01_circ_57786	NP_Bd_r01_2018_08_21_L002	134	1	1	0	1
HAMBI_0018_chrm01_circ_81966	NP_Bd_r01_2018_08_21_L002	64	86	1	0	1
HAMBI_0018_chrm01_circ_899239	NP_Bd_r01_2018_08_21_L002	148	0	1	0	1
HAMBI_0018_chrm01_circ_900190	NP_Bd_r01_2018_08_21_L002	137	0	1	0	1
HAMBI_0018_chrm01_circ_982309	NP_Bd_r01_2018_08_21_L002	125	29	1	0	1
HAMBI_0018_chrm01_circ_1082289	NP_Bd_r01_2018_09_18_L001	55	11	1	0	1
HAMBI_0018_chrm01_circ_1082623	NP_Bd_r01_2018_09_18_L001	96	0	1	0	1
HAMBI_0018_chrm01_circ_1083193	NP_Bd_r01_2018_09_18_L001	63	13	1	0	1
HAMBI_0018_chrm01_circ_1083340	NP_Bd_r01_2018_09_18_L001	29	59	1	0	1
HAMBI_0018_chrm01_circ_1084353	NP_Bd_r01_2018_09_18_L001	98	2	1	0	1
HAMBI_0018_chrm01_circ_1216295	NP_Bd_r01_2018_09_18_L001	43	63	1	0	1
HAMBI_0018_chrm01_circ_1232999	NP_Bd_r01_2018_09_18_L001	34	45	1	0	1
HAMBI_0018_chrm01_circ_1291803	NP_Bd_r01_2018_09_18_L001	53	23	1	0	1
HAMBI_0018_chrm01_circ_1379300	NP_Bd_r01_2018_09_18_L001	94	1	1	0	1
HAMBI_0018_chrm01_circ_1380728	NP_Bd_r01_2018_09_18_L001	81	1	1	0	1
HAMBI_0018_chrm01_circ_143446	NP_Bd_r01_2018_09_18_L001	33	39	1	0	1
HAMBI_0018_chrm01_circ_1466323	NP_Bd_r01_2018_09_18_L001	81	12	1	0	1
HAMBI_0018_chrm01_circ_1674325	NP_Bd_r01_2018_09_18_L001	83	10	1	0	1
HAMBI_0018_chrm01_circ_1845017	NP_Bd_r01_2018_09_18_L001	37	46	1	0	1
HAMBI_0018_chrm01_circ_1873068	NP_Bd_r01_2018_09_18_L001	52	53	1	0	1
HAMBI_0018_chrm01_circ_2047315	NP_Bd_r01_2018_09_18_L001	68	8	1	0	1
HAMBI_0018_chrm01_circ_2058353	NP_Bd_r01_2018_09_18_L001	67	7	1	0	1
HAMBI_0018_chrm01_circ_2169533	NP_Bd_r01_2018_09_18_L001	126	1	1	0	1
HAMBI_0018_chrm01_circ_2192204	NP_Bd_r01_2018_09_18_L001	67	26	1	0	1
HAMBI_0018_chrm01_circ_2192835	NP_Bd_r01_2018_09_18_L001	32	45	1	0	1
HAMBI_0018_chrm01_circ_2193310	NP_Bd_r01_2018_09_18_L001	75	1	1	0	1
HAMBI_0018_chrm01_circ_2258819	NP_Bd_r01_2018_09_18_L001	86	7	1	0	1
HAMBI_0018_chrm01_circ_2338394	NP_Bd_r01_2018_09_18_L001	38	56	1	0	1
HAMBI_0018_chrm01_circ_2349096	NP_Bd_r01_2018_09_18_L001	76	1	1	0	1
HAMBI_0018_chrm01_circ_2356507	NP_Bd_r01_2018_09_18_L001	81	7	1	0	1
HAMBI_0018_chrm01_circ_2379568	NP_Bd_r01_2018_09_18_L001	58	38	1	0	1
HAMBI_0018_chrm01_circ_2624430	NP_Bd_r01_2018_09_18_L001	41	55	1	0	1
HAMBI_0018_chrm01_circ_28423	NP_Bd_r01_2018_09_18_L001	91	20	1	0	1
HAMBI_0018_chrm01_circ_2979053	NP_Bd_r01_2018_09_18_L001	87	0	1	0	1
HAMBI_0018_chrm01_circ_2995292	NP_Bd_r01_2018_09_18_L001	82	12	1	0	1
HAMBI_0018_chrm01_circ_2998242	NP_Bd_r01_2018_09_18_L001	53	34	1	0	1
HAMBI_0018_chrm01_circ_2999289	NP_Bd_r01_2018_09_18_L001	46	6	1	0	1
HAMBI_0018_chrm01_circ_3029831	NP_Bd_r01_2018_09_18_L001	56	43	1	0	1
HAMBI_0018_chrm01_circ_3141027	NP_Bd_r01_2018_09_18_L001	75	13	1	0	1
HAMBI_0018_chrm01_circ_3141087	NP_Bd_r01_2018_09_18_L001	58	34	1	0	1
HAMBI_0018_chrm01_circ_3163269	NP_Bd_r01_2018_09_18_L001	94	0	1	0	1
HAMBI_0018_chrm01_circ_3190358	NP_Bd_r01_2018_09_18_L001	26	32	1	0	1
HAMBI_0018_chrm01_circ_3214427	NP_Bd_r01_2018_09_18_L001	53	0	1	0	1
HAMBI_0018_chrm01_circ_457266	NP_Bd_r01_2018_09_18_L001	38	51	1	0	1
HAMBI_0018_chrm01_circ_52198	NP_Bd_r01_2018_09_18_L001	96	1	1	0	1
HAMBI_0018_chrm01_circ_547794	NP_Bd_r01_2018_09_18_L001	88	3	1	0	1
HAMBI_0018_chrm01_circ_57786	NP_Bd_r01_2018_09_18_L001	70	0	1	0	1
HAMBI_0018_chrm01_circ_81966	NP_Bd_r01_2018_09_18_L001	44	54	1	0	1
HAMBI_0018_chrm01_circ_899239	NP_Bd_r01_2018_09_18_L001	79	0	1	0	1
HAMBI_0018_chrm01_circ_900190	NP_Bd_r01_2018_09_18_L001	93	2	1	0	1
HAMBI_0018_chrm01_circ_982309	NP_Bd_r01_2018_09_18_L001	87	30	1	0	1
HAMBI_0018_chrm01_circ_1082289	NP_Bd_r01_2018_10_16_L001	59	8	1	0	1
HAMBI_0018_chrm01_circ_1082623	NP_Bd_r01_2018_10_16_L001	90	0	1	0	1
HAMBI_0018_chrm01_circ_1083193	NP_Bd_r01_2018_10_16_L001	69	7	1	0	1
HAMBI_0018_chrm01_circ_1083340	NP_Bd_r01_2018_10_16_L001	28	44	1	0	1
HAMBI_0018_chrm01_circ_1084353	NP_Bd_r01_2018_10_16_L001	71	0	1	0	1
HAMBI_0018_chrm01_circ_1216295	NP_Bd_r01_2018_10_16_L001	30	68	1	0	1
HAMBI_0018_chrm01_circ_1232999	NP_Bd_r01_2018_10_16_L001	28	61	1	0	1
HAMBI_0018_chrm01_circ_1291803	NP_Bd_r01_2018_10_16_L001	59	16	1	0	1
HAMBI_0018_chrm01_circ_1379300	NP_Bd_r01_2018_10_16_L001	99	0	1	0	1
HAMBI_0018_chrm01_circ_1380728	NP_Bd_r01_2018_10_16_L001	77	0	1	0	1
HAMBI_0018_chrm01_circ_143446	NP_Bd_r01_2018_10_16_L001	23	55	1	0	1
HAMBI_0018_chrm01_circ_1466323	NP_Bd_r01_2018_10_16_L001	96	9	1	0	1
HAMBI_0018_chrm01_circ_1674325	NP_Bd_r01_2018_10_16_L001	74	15	1	0	1
HAMBI_0018_chrm01_circ_1845017	NP_Bd_r01_2018_10_16_L001	28	52	1	0	1
HAMBI_0018_chrm01_circ_1873068	NP_Bd_r01_2018_10_16_L001	23	59	1	0	1
HAMBI_0018_chrm01_circ_2047315	NP_Bd_r01_2018_10_16_L001	73	9	1	0	1
HAMBI_0018_chrm01_circ_2058353	NP_Bd_r01_2018_10_16_L001	84	4	1	0	1
HAMBI_0018_chrm01_circ_2169533	NP_Bd_r01_2018_10_16_L001	80	0	1	0	1
HAMBI_0018_chrm01_circ_2192204	NP_Bd_r01_2018_10_16_L001	60	21	1	0	1
HAMBI_0018_chrm01_circ_2192835	NP_Bd_r01_2018_10_16_L001	18	61	1	0	1
HAMBI_0018_chrm01_circ_2193310	NP_Bd_r01_2018_10_16_L001	86	1	1	0	1
HAMBI_0018_chrm01_circ_2258819	NP_Bd_r01_2018_10_16_L001	79	7	1	0	1
HAMBI_0018_chrm01_circ_2338394	NP_Bd_r01_2018_10_16_L001	31	50	1	0	1
HAMBI_0018_chrm01_circ_2349096	NP_Bd_r01_2018_10_16_L001	75	0	1	0	1
HAMBI_0018_chrm01_circ_2356507	NP_Bd_r01_2018_10_16_L001	85	11	1	0	1
HAMBI_0018_chrm01_circ_2379568	NP_Bd_r01_2018_10_16_L001	48	36	1	0	1
HAMBI_0018_chrm01_circ_2624430	NP_Bd_r01_2018_10_16_L001	33	62	1	0	1
HAMBI_0018_chrm01_circ_28423	NP_Bd_r01_2018_10_16_L001	87	9	1	0	1
HAMBI_0018_chrm01_circ_2979053	NP_Bd_r01_2018_10_16_L001	83	0	1	0	1
HAMBI_0018_chrm01_circ_2995292	NP_Bd_r01_2018_10_16_L001	73	6	1	0	1
HAMBI_0018_chrm01_circ_2998242	NP_Bd_r01_2018_10_16_L001	41	33	1	0	1
HAMBI_0018_chrm01_circ_2999289	NP_Bd_r01_2018_10_16_L001	41	11	1	0	1
HAMBI_0018_chrm01_circ_3029831	NP_Bd_r01_2018_10_16_L001	38	42	1	0	1
HAMBI_0018_chrm01_circ_3141027	NP_Bd_r01_2018_10_16_L001	55	11	1	0	1
HAMBI_0018_chrm01_circ_3141087	NP_Bd_r01_2018_10_16_L001	35	29	1	0	1
HAMBI_0018_chrm01_circ_3163269	NP_Bd_r01_2018_10_16_L001	85	0	1	0	1
HAMBI_0018_chrm01_circ_3190358	NP_Bd_r01_2018_10_16_L001	15	23	1	0	1
HAMBI_0018_chrm01_circ_3214427	NP_Bd_r01_2018_10_16_L001	59	3	1	0	1
HAMBI_0018_chrm01_circ_457266	NP_Bd_r01_2018_10_16_L001	28	44	1	0	1
HAMBI_0018_chrm01_circ_52198	NP_Bd_r01_2018_10_16_L001	63	0	1	0	1
HAMBI_0018_chrm01_circ_547794	NP_Bd_r01_2018_10_16_L001	57	5	1	0	1
HAMBI_0018_chrm01_circ_57786	NP_Bd_r01_2018_10_16_L001	55	0	1	0	1
HAMBI_0018_chrm01_circ_81966	NP_Bd_r01_2018_10_16_L001	21	43	1	0	1
HAMBI_0018_chrm01_circ_899239	NP_Bd_r01_2018_10_16_L001	69	3	1	0	1
HAMBI_0018_chrm01_circ_900190	NP_Bd_r01_2018_10_16_L001	66	0	1	0	1
HAMBI_0018_chrm01_circ_982309	NP_Bd_r01_2018_10_16_L001	61	12	1	0	1
HAMBI_0018_chrm01_circ_1082289	NP_Bd_r01_2018_11_13_L001	109	14	1	0	1
HAMBI_0018_chrm01_circ_1082623	NP_Bd_r01_2018_11_13_L001	116	0	1	0	1
HAMBI_0018_chrm01_circ_1083193	NP_Bd_r01_2018_11_13_L001	100	6	1	0	1
HAMBI_0018_chrm01_circ_1083340	NP_Bd_r01_2018_11_13_L001	32	85	1	0	1
HAMBI_0018_chrm01_circ_1084353	NP_Bd_r01_2018_11_13_L001	97	0	1	0	1
HAMBI_0018_chrm01_circ_1216295	NP_Bd_r01_2018_11_13_L001	38	97	1	0	1
HAMBI_0018_chrm01_circ_1232999	NP_Bd_r01_2018_11_13_L001	43	101	1	0	1
HAMBI_0018_chrm01_circ_1291803	NP_Bd_r01_2018_11_13_L001	152	15	1	0	1
HAMBI_0018_chrm01_circ_1379300	NP_Bd_r01_2018_11_13_L001	143	3	1	0	1
HAMBI_0018_chrm01_circ_1380728	NP_Bd_r01_2018_11_13_L001	161	0	1	0	1
HAMBI_0018_chrm01_circ_143446	NP_Bd_r01_2018_11_13_L001	12	58	1	0	1
HAMBI_0018_chrm01_circ_1466323	NP_Bd_r01_2018_11_13_L001	138	18	1	0	1
HAMBI_0018_chrm01_circ_1674325	NP_Bd_r01_2018_11_13_L001	131	25	1	0	1
HAMBI_0018_chrm01_circ_1845017	NP_Bd_r01_2018_11_13_L001	35	136	1	0	1
HAMBI_0018_chrm01_circ_1873068	NP_Bd_r01_2018_11_13_L001	36	101	1	0	1
HAMBI_0018_chrm01_circ_2047315	NP_Bd_r01_2018_11_13_L001	88	17	1	0	1
HAMBI_0018_chrm01_circ_2058353	NP_Bd_r01_2018_11_13_L001	102	20	1	0	1
HAMBI_0018_chrm01_circ_2169533	NP_Bd_r01_2018_11_13_L001	119	0	1	0	1
HAMBI_0018_chrm01_circ_2192204	NP_Bd_r01_2018_11_13_L001	139	33	1	0	1
HAMBI_0018_chrm01_circ_2192835	NP_Bd_r01_2018_11_13_L001	31	145	1	0	1
HAMBI_0018_chrm01_circ_2193310	NP_Bd_r01_2018_11_13_L001	160	0	1	0	1
HAMBI_0018_chrm01_circ_2258819	NP_Bd_r01_2018_11_13_L001	93	32	1	0	1
HAMBI_0018_chrm01_circ_2338394	NP_Bd_r01_2018_11_13_L001	32	106	1	0	1
HAMBI_0018_chrm01_circ_2349096	NP_Bd_r01_2018_11_13_L001	113	1	1	0	1
HAMBI_0018_chrm01_circ_2356507	NP_Bd_r01_2018_11_13_L001	129	16	1	0	1
HAMBI_0018_chrm01_circ_2379568	NP_Bd_r01_2018_11_13_L001	51	70	1	0	1
HAMBI_0018_chrm01_circ_2624430	NP_Bd_r01_2018_11_13_L001	30	112	1	0	1
HAMBI_0018_chrm01_circ_28423	NP_Bd_r01_2018_11_13_L001	104	5	1	0	1
HAMBI_0018_chrm01_circ_2979053	NP_Bd_r01_2018_11_13_L001	111	1	1	0	1
HAMBI_0018_chrm01_circ_2995292	NP_Bd_r01_2018_11_13_L001	84	2	1	0	1
HAMBI_0018_chrm01_circ_2998242	NP_Bd_r01_2018_11_13_L001	48	65	1	0	1
HAMBI_0018_chrm01_circ_2999289	NP_Bd_r01_2018_11_13_L001	47	18	1	0	1
HAMBI_0018_chrm01_circ_3029831	NP_Bd_r01_2018_11_13_L001	59	70	1	0	1
HAMBI_0018_chrm01_circ_3141027	NP_Bd_r01_2018_11_13_L001	68	11	1	0	1
HAMBI_0018_chrm01_circ_3141087	NP_Bd_r01_2018_11_13_L001	35	43	1	0	1
HAMBI_0018_chrm01_circ_3163269	NP_Bd_r01_2018_11_13_L001	81	0	1	0	1
HAMBI_0018_chrm01_circ_3190358	NP_Bd_r01_2018_11_13_L001	18	21	1	0	1
HAMBI_0018_chrm01_circ_3214427	NP_Bd_r01_2018_11_13_L001	74	8	1	0	1
HAMBI_0018_chrm01_circ_457266	NP_Bd_r01_2018_11_13_L001	30	64	1	0	1
HAMBI_0018_chrm01_circ_52198	NP_Bd_r01_2018_11_13_L001	66	0	1	0	1
HAMBI_0018_chrm01_circ_547794	NP_Bd_r01_2018_11_13_L001	74	3	1	0	1
HAMBI_0018_chrm01_circ_57786	NP_Bd_r01_2018_11_13_L001	74	1	1	0	1
HAMBI_0018_chrm01_circ_81966	NP_Bd_r01_2018_11_13_L001	27	70	1	0	1
HAMBI_0018_chrm01_circ_899239	NP_Bd_r01_2018_11_13_L001	104	1	1	0	1
HAMBI_0018_chrm01_circ_900190	NP_Bd_r01_2018_11_13_L001	100	3	1	0	1
HAMBI_0018_chrm01_circ_982309	NP_Bd_r01_2018_11_13_L001	100	22	1	0	1
HAMBI_0018_chrm01_circ_1082289	NP_Bd_r01_2018_12_11_L001	73	10	1	0	1
HAMBI_0018_chrm01_circ_1082623	NP_Bd_r01_2018_12_11_L001	89	0	1	0	1
HAMBI_0018_chrm01_circ_1083193	NP_Bd_r01_2018_12_11_L001	64	2	1	0	1
HAMBI_0018_chrm01_circ_1083340	NP_Bd_r01_2018_12_11_L001	16	54	1	0	1
HAMBI_0018_chrm01_circ_1084353	NP_Bd_r01_2018_12_11_L001	85	0	1	0	1
HAMBI_0018_chrm01_circ_1216295	NP_Bd_r01_2018_12_11_L001	35	68	1	0	1
HAMBI_0018_chrm01_circ_1232999	NP_Bd_r01_2018_12_11_L001	22	47	1	0	1
HAMBI_0018_chrm01_circ_1291803	NP_Bd_r01_2018_12_11_L001	63	18	1	0	1
HAMBI_0018_chrm01_circ_1379300	NP_Bd_r01_2018_12_11_L001	65	7	1	0	1
HAMBI_0018_chrm01_circ_1380728	NP_Bd_r01_2018_12_11_L001	84	0	1	0	1
HAMBI_0018_chrm01_circ_143446	NP_Bd_r01_2018_12_11_L001	19	64	1	0	1
HAMBI_0018_chrm01_circ_1466323	NP_Bd_r01_2018_12_11_L001	96	9	1	0	1
HAMBI_0018_chrm01_circ_1674325	NP_Bd_r01_2018_12_11_L001	102	13	1	0	1
HAMBI_0018_chrm01_circ_1845017	NP_Bd_r01_2018_12_11_L001	19	67	1	0	1
HAMBI_0018_chrm01_circ_1873068	NP_Bd_r01_2018_12_11_L001	22	68	1	0	1
HAMBI_0018_chrm01_circ_2047315	NP_Bd_r01_2018_12_11_L001	57	9	1	0	1
HAMBI_0018_chrm01_circ_2058353	NP_Bd_r01_2018_12_11_L001	78	12	1	0	1
HAMBI_0018_chrm01_circ_2169533	NP_Bd_r01_2018_12_11_L001	61	0	1	0	1
HAMBI_0018_chrm01_circ_2192204	NP_Bd_r01_2018_12_11_L001	60	28	1	0	1
HAMBI_0018_chrm01_circ_2192835	NP_Bd_r01_2018_12_11_L001	23	86	1	0	1
HAMBI_0018_chrm01_circ_2193310	NP_Bd_r01_2018_12_11_L001	92	0	1	0	1
HAMBI_0018_chrm01_circ_2258819	NP_Bd_r01_2018_12_11_L001	64	14	1	0	1
HAMBI_0018_chrm01_circ_2338394	NP_Bd_r01_2018_12_11_L001	13	63	1	0	1
HAMBI_0018_chrm01_circ_2349096	NP_Bd_r01_2018_12_11_L001	96	0	1	0	1
HAMBI_0018_chrm01_circ_2356507	NP_Bd_r01_2018_12_11_L001	85	21	1	0	1
HAMBI_0018_chrm01_circ_2379568	NP_Bd_r01_2018_12_11_L001	47	47	1	0	1
HAMBI_0018_chrm01_circ_2624430	NP_Bd_r01_2018_12_11_L001	16	61	1	0	1
HAMBI_0018_chrm01_circ_28423	NP_Bd_r01_2018_12_11_L001	100	3	1	0	1
HAMBI_0018_chrm01_circ_2979053	NP_Bd_r01_2018_12_11_L001	78	3	1	0	1
HAMBI_0018_chrm01_circ_2995292	NP_Bd_r01_2018_12_11_L001	75	11	1	0	1
HAMBI_0018_chrm01_circ_2998242	NP_Bd_r01_2018_12_11_L001	36	36	1	0	1
HAMBI_0018_chrm01_circ_2999289	NP_Bd_r01_2018_12_11_L001	34	12	1	0	1
HAMBI_0018_chrm01_circ_3029831	NP_Bd_r01_2018_12_11_L001	32	45	1	0	1
HAMBI_0018_chrm01_circ_3141027	NP_Bd_r01_2018_12_11_L001	54	17	1	0	1
HAMBI_0018_chrm01_circ_3141087	NP_Bd_r01_2018_12_11_L001	28	37	1	0	1
HAMBI_0018_chrm01_circ_3163269	NP_Bd_r01_2018_12_11_L001	73	0	1	0	1
HAMBI_0018_chrm01_circ_3190358	NP_Bd_r01_2018_12_11_L001	21	16	1	0	1
HAMBI_0018_chrm01_circ_3214427	NP_Bd_r01_2018_12_11_L001	58	11	1	0	1
HAMBI_0018_chrm01_circ_457266	NP_Bd_r01_2018_12_11_L001	19	54	1	0	1
HAMBI_0018_chrm01_circ_52198	NP_Bd_r01_2018_12_11_L001	64	0	1	0	1
HAMBI_0018_chrm01_circ_547794	NP_Bd_r01_2018_12_11_L001	41	9	1	0	1
HAMBI_0018_chrm01_circ_57786	NP_Bd_r01_2018_12_11_L001	79	0	1	0	1
HAMBI_0018_chrm01_circ_81966	NP_Bd_r01_2018_12_11_L001	17	48	1	0	1
HAMBI_0018_chrm01_circ_899239	NP_Bd_r01_2018_12_11_L001	60	4	1	0	1
HAMBI_0018_chrm01_circ_900190	NP_Bd_r01_2018_12_11_L001	71	13	1	0	1
HAMBI_0018_chrm01_circ_982309	NP_Bd_r01_2018_12_11_L001	64	13	1	0	1
HAMBI_0018_chrm01_circ_1082289	NP_Bd_r01_2019_02_04_L003	103	7	1	0	1
HAMBI_0018_chrm01_circ_1082623	NP_Bd_r01_2019_02_04_L003	152	0	1	0	1
HAMBI_0018_chrm01_circ_1083193	NP_Bd_r01_2019_02_04_L003	124	0	1	0	1
HAMBI_0018_chrm01_circ_1083340	NP_Bd_r01_2019_02_04_L003	13	92	1	0	1
HAMBI_0018_chrm01_circ_1084353	NP_Bd_r01_2019_02_04_L003	165	0	1	0	1
HAMBI_0018_chrm01_circ_1216295	NP_Bd_r01_2019_02_04_L003	12	134	1	0	1
HAMBI_0018_chrm01_circ_1232999	NP_Bd_r01_2019_02_04_L003	9	94	1	0	1
HAMBI_0018_chrm01_circ_1291803	NP_Bd_r01_2019_02_04_L003	110	5	1	0	1
HAMBI_0018_chrm01_circ_1379300	NP_Bd_r01_2019_02_04_L003	104	22	1	0	1
HAMBI_0018_chrm01_circ_1380728	NP_Bd_r01_2019_02_04_L003	122	0	1	0	1
HAMBI_0018_chrm01_circ_143446	NP_Bd_r01_2019_02_04_L003	14	124	1	0	1
HAMBI_0018_chrm01_circ_1466323	NP_Bd_r01_2019_02_04_L003	152	9	1	0	1
HAMBI_0018_chrm01_circ_1674325	NP_Bd_r01_2019_02_04_L003	106	26	1	0	1
HAMBI_0018_chrm01_circ_1845017	NP_Bd_r01_2019_02_04_L003	9	125	1	0	1
HAMBI_0018_chrm01_circ_1873068	NP_Bd_r01_2019_02_04_L003	12	110	1	0	1
HAMBI_0018_chrm01_circ_2047315	NP_Bd_r01_2019_02_04_L003	120	11	1	0	1
HAMBI_0018_chrm01_circ_2058353	NP_Bd_r01_2019_02_04_L003	89	29	1	0	1
HAMBI_0018_chrm01_circ_2169533	NP_Bd_r01_2019_02_04_L003	136	0	1	0	1
HAMBI_0018_chrm01_circ_2192204	NP_Bd_r01_2019_02_04_L003	116	14	1	0	1
HAMBI_0018_chrm01_circ_2192835	NP_Bd_r01_2019_02_04_L003	20	145	1	0	1
HAMBI_0018_chrm01_circ_2193310	NP_Bd_r01_2019_02_04_L003	149	0	1	0	1
HAMBI_0018_chrm01_circ_2258819	NP_Bd_r01_2019_02_04_L003	95	51	1	0	1
HAMBI_0018_chrm01_circ_2338394	NP_Bd_r01_2019_02_04_L003	12	113	1	0	1
HAMBI_0018_chrm01_circ_2349096	NP_Bd_r01_2019_02_04_L003	143	0	1	0	1
HAMBI_0018_chrm01_circ_2356507	NP_Bd_r01_2019_02_04_L003	107	48	1	0	1
HAMBI_0018_chrm01_circ_2379568	NP_Bd_r01_2019_02_04_L003	53	78	1	0	1
HAMBI_0018_chrm01_circ_2624430	NP_Bd_r01_2019_02_04_L003	13	122	1	0	1
HAMBI_0018_chrm01_circ_28423	NP_Bd_r01_2019_02_04_L003	200	1	1	0	1
HAMBI_0018_chrm01_circ_2979053	NP_Bd_r01_2019_02_04_L003	122	37	1	0	1
HAMBI_0018_chrm01_circ_2995292	NP_Bd_r01_2019_02_04_L003	141	10	1	0	1
HAMBI_0018_chrm01_circ_2998242	NP_Bd_r01_2019_02_04_L003	65	80	1	0	1
HAMBI_0018_chrm01_circ_2999289	NP_Bd_r01_2019_02_04_L003	101	25	1	0	1
HAMBI_0018_chrm01_circ_3029831	NP_Bd_r01_2019_02_04_L003	67	70	1	0	1
HAMBI_0018_chrm01_circ_3141027	NP_Bd_r01_2019_02_04_L003	91	32	1	0	1
HAMBI_0018_chrm01_circ_3141087	NP_Bd_r01_2019_02_04_L003	49	67	1	0	1
HAMBI_0018_chrm01_circ_3163269	NP_Bd_r01_2019_02_04_L003	139	0	1	0	1
HAMBI_0018_chrm01_circ_3190358	NP_Bd_r01_2019_02_04_L003	35	52	1	0	1
HAMBI_0018_chrm01_circ_3214427	NP_Bd_r01_2019_02_04_L003	110	23	1	0	1
HAMBI_0018_chrm01_circ_457266	NP_Bd_r01_2019_02_04_L003	15	137	1	0	1
HAMBI_0018_chrm01_circ_52198	NP_Bd_r01_2019_02_04_L003	137	0	1	0	1
HAMBI_0018_chrm01_circ_547794	NP_Bd_r01_2019_02_04_L003	105	26	1	0	1
HAMBI_0018_chrm01_circ_57786	NP_Bd_r01_2019_02_04_L003	126	0	1	0	1
HAMBI_0018_chrm01_circ_81966	NP_Bd_r01_2019_02_04_L003	15	143	1	0	1
HAMBI_0018_chrm01_circ_899239	NP_Bd_r01_2019_02_04_L003	133	19	1	0	1
HAMBI_0018_chrm01_circ_900190	NP_Bd_r01_2019_02_04_L003	105	23	1	0	1
HAMBI_0018_chrm01_circ_982309	NP_Bd_r01_2019_02_04_L003	137	7	1	0	1
HAMBI_0018_chrm01_circ_1082289	NP_Bd_r01_2019_02_25_L003	124	4	1	0	1
HAMBI_0018_chrm01_circ_1082623	NP_Bd_r01_2019_02_25_L003	170	0	1	0	1
HAMBI_0018_chrm01_circ_1083193	NP_Bd_r01_2019_02_25_L003	142	0	1	0	1
HAMBI_0018_chrm01_circ_1083340	NP_Bd_r01_2019_02_25_L003	17	142	1	0	1
HAMBI_0018_chrm01_circ_1084353	NP_Bd_r01_2019_02_25_L003	168	0	1	0	1
HAMBI_0018_chrm01_circ_1216295	NP_Bd_r01_2019_02_25_L003	21	127	1	0	1
HAMBI_0018_chrm01_circ_1232999	NP_Bd_r01_2019_02_25_L003	12	128	1	0	1
HAMBI_0018_chrm01_circ_1291803	NP_Bd_r01_2019_02_25_L003	93	12	1	0	1
HAMBI_0018_chrm01_circ_1379300	NP_Bd_r01_2019_02_25_L003	124	26	1	0	1
HAMBI_0018_chrm01_circ_1380728	NP_Bd_r01_2019_02_25_L003	168	0	1	0	1
HAMBI_0018_chrm01_circ_143446	NP_Bd_r01_2019_02_25_L003	24	145	1	0	1
HAMBI_0018_chrm01_circ_1466323	NP_Bd_r01_2019_02_25_L003	161	10	1	0	1
HAMBI_0018_chrm01_circ_1674325	NP_Bd_r01_2019_02_25_L003	116	42	1	0	1
HAMBI_0018_chrm01_circ_1845017	NP_Bd_r01_2019_02_25_L003	19	141	1	0	1
HAMBI_0018_chrm01_circ_1873068	NP_Bd_r01_2019_02_25_L003	15	138	1	0	1
HAMBI_0018_chrm01_circ_2047315	NP_Bd_r01_2019_02_25_L003	136	16	1	0	1
HAMBI_0018_chrm01_circ_2058353	NP_Bd_r01_2019_02_25_L003	131	52	1	0	1
HAMBI_0018_chrm01_circ_2169533	NP_Bd_r01_2019_02_25_L003	98	0	1	0	1
HAMBI_0018_chrm01_circ_2192204	NP_Bd_r01_2019_02_25_L003	132	21	1	0	1
HAMBI_0018_chrm01_circ_2192835	NP_Bd_r01_2019_02_25_L003	23	140	1	0	1
HAMBI_0018_chrm01_circ_2193310	NP_Bd_r01_2019_02_25_L003	171	0	1	0	1
HAMBI_0018_chrm01_circ_2258819	NP_Bd_r01_2019_02_25_L003	126	63	1	0	1
HAMBI_0018_chrm01_circ_2338394	NP_Bd_r01_2019_02_25_L003	22	136	1	0	1
HAMBI_0018_chrm01_circ_2349096	NP_Bd_r01_2019_02_25_L003	174	0	1	0	1
HAMBI_0018_chrm01_circ_2356507	NP_Bd_r01_2019_02_25_L003	130	53	1	0	1
HAMBI_0018_chrm01_circ_2379568	NP_Bd_r01_2019_02_25_L003	76	110	1	0	1
HAMBI_0018_chrm01_circ_2624430	NP_Bd_r01_2019_02_25_L003	15	155	1	0	1
HAMBI_0018_chrm01_circ_28423	NP_Bd_r01_2019_02_25_L003	217	0	1	0	1
HAMBI_0018_chrm01_circ_2979053	NP_Bd_r01_2019_02_25_L003	155	27	1	0	1
HAMBI_0018_chrm01_circ_2995292	NP_Bd_r01_2019_02_25_L003	155	2	1	0	1
HAMBI_0018_chrm01_circ_2998242	NP_Bd_r01_2019_02_25_L003	80	84	1	0	1
HAMBI_0018_chrm01_circ_2999289	NP_Bd_r01_2019_02_25_L003	82	41	1	0	1
HAMBI_0018_chrm01_circ_3029831	NP_Bd_r01_2019_02_25_L003	80	84	1	0	1
HAMBI_0018_chrm01_circ_3141027	NP_Bd_r01_2019_02_25_L003	103	38	1	0	1
HAMBI_0018_chrm01_circ_3141087	NP_Bd_r01_2019_02_25_L003	77	69	1	0	1
HAMBI_0018_chrm01_circ_3163269	NP_Bd_r01_2019_02_25_L003	183	0	1	0	1
HAMBI_0018_chrm01_circ_3190358	NP_Bd_r01_2019_02_25_L003	33	39	1	0	1
HAMBI_0018_chrm01_circ_3214427	NP_Bd_r01_2019_02_25_L003	128	35	1	0	1
HAMBI_0018_chrm01_circ_457266	NP_Bd_r01_2019_02_25_L003	11	171	1	0	1
HAMBI_0018_chrm01_circ_52198	NP_Bd_r01_2019_02_25_L003	178	0	1	0	1
HAMBI_0018_chrm01_circ_547794	NP_Bd_r01_2019_02_25_L003	115	30	1	0	1
HAMBI_0018_chrm01_circ_57786	NP_Bd_r01_2019_02_25_L003	148	0	1	0	1
HAMBI_0018_chrm01_circ_81966	NP_Bd_r01_2019_02_25_L003	12	170	1	0	1
HAMBI_0018_chrm01_circ_899239	NP_Bd_r01_2019_02_25_L003	174	43	1	0	1
HAMBI_0018_chrm01_circ_900190	NP_Bd_r01_2019_02_25_L003	132	30	1	0	1
HAMBI_0018_chrm01_circ_982309	NP_Bd_r01_2019_02_25_L003	148	16	1	0	1
HAMBI_0018_chrm01_circ_1082289	NP_Bd_r01_2019_03_04_L001-L004_merged	329	18	1	0	1
HAMBI_0018_chrm01_circ_1082623	NP_Bd_r01_2019_03_04_L001-L004_merged	351	0	1	0	1
HAMBI_0018_chrm01_circ_1083193	NP_Bd_r01_2019_03_04_L001-L004_merged	277	0	1	0	1
HAMBI_0018_chrm01_circ_1083340	NP_Bd_r01_2019_03_04_L001-L004_merged	125	179	1	0	1
HAMBI_0018_chrm01_circ_1084353	NP_Bd_r01_2019_03_04_L001-L004_merged	365	1	1	0	1
HAMBI_0018_chrm01_circ_1216295	NP_Bd_r01_2019_03_04_L001-L004_merged	179	225	1	0	1
HAMBI_0018_chrm01_circ_1232999	NP_Bd_r01_2019_03_04_L001-L004_merged	143	177	1	0	1
HAMBI_0018_chrm01_circ_1291803	NP_Bd_r01_2019_03_04_L001-L004_merged	300	38	1	0	1
HAMBI_0018_chrm01_circ_1379300	NP_Bd_r01_2019_03_04_L001-L004_merged	308	46	1	0	1
HAMBI_0018_chrm01_circ_1380728	NP_Bd_r01_2019_03_04_L001-L004_merged	384	0	1	0	1
HAMBI_0018_chrm01_circ_143446	NP_Bd_r01_2019_03_04_L001-L004_merged	130	198	1	0	1
HAMBI_0018_chrm01_circ_1466323	NP_Bd_r01_2019_03_04_L001-L004_merged	343	8	1	0	1
HAMBI_0018_chrm01_circ_1674325	NP_Bd_r01_2019_03_04_L001-L004_merged	289	64	1	0	1
HAMBI_0018_chrm01_circ_1845017	NP_Bd_r01_2019_03_04_L001-L004_merged	121	177	1	0	1
HAMBI_0018_chrm01_circ_1873068	NP_Bd_r01_2019_03_04_L001-L004_merged	157	214	1	0	1
HAMBI_0018_chrm01_circ_2047315	NP_Bd_r01_2019_03_04_L001-L004_merged	331	16	1	0	1
HAMBI_0018_chrm01_circ_2058353	NP_Bd_r01_2019_03_04_L001-L004_merged	269	70	1	0	1
HAMBI_0018_chrm01_circ_2169533	NP_Bd_r01_2019_03_04_L001-L004_merged	178	0	1	0	1
HAMBI_0018_chrm01_circ_2192204	NP_Bd_r01_2019_03_04_L001-L004_merged	302	34	1	0	1
HAMBI_0018_chrm01_circ_2192835	NP_Bd_r01_2019_03_04_L001-L004_merged	152	252	1	0	1
HAMBI_0018_chrm01_circ_2193310	NP_Bd_r01_2019_03_04_L001-L004_merged	280	105	1	0	1
HAMBI_0018_chrm01_circ_2258819	NP_Bd_r01_2019_03_04_L001-L004_merged	280	73	1	0	1
HAMBI_0018_chrm01_circ_2338394	NP_Bd_r01_2019_03_04_L001-L004_merged	131	201	1	0	1
HAMBI_0018_chrm01_circ_2349096	NP_Bd_r01_2019_03_04_L001-L004_merged	279	2	1	0	1
HAMBI_0018_chrm01_circ_2356507	NP_Bd_r01_2019_03_04_L001-L004_merged	269	47	1	0	1
HAMBI_0018_chrm01_circ_2379568	NP_Bd_r01_2019_03_04_L001-L004_merged	218	145	1	0	1
HAMBI_0018_chrm01_circ_2624430	NP_Bd_r01_2019_03_04_L001-L004_merged	132	163	1	0	1
HAMBI_0018_chrm01_circ_28423	NP_Bd_r01_2019_03_04_L001-L004_merged	511	0	1	0	1
HAMBI_0018_chrm01_circ_2979053	NP_Bd_r01_2019_03_04_L001-L004_merged	310	60	1	0	1
HAMBI_0018_chrm01_circ_2995292	NP_Bd_r01_2019_03_04_L001-L004_merged	361	5	1	0	1
HAMBI_0018_chrm01_circ_2998242	NP_Bd_r01_2019_03_04_L001-L004_merged	237	111	1	0	1
HAMBI_0018_chrm01_circ_2999289	NP_Bd_r01_2019_03_04_L001-L004_merged	234	59	1	0	1
HAMBI_0018_chrm01_circ_3029831	NP_Bd_r01_2019_03_04_L001-L004_merged	204	151	1	0	1
HAMBI_0018_chrm01_circ_3141027	NP_Bd_r01_2019_03_04_L001-L004_merged	279	57	1	0	1
HAMBI_0018_chrm01_circ_3141087	NP_Bd_r01_2019_03_04_L001-L004_merged	209	114	1	0	1
HAMBI_0018_chrm01_circ_3163269	NP_Bd_r01_2019_03_04_L001-L004_merged	374	0	1	0	1
HAMBI_0018_chrm01_circ_3190358	NP_Bd_r01_2019_03_04_L001-L004_merged	87	56	1	0	1
HAMBI_0018_chrm01_circ_3214427	NP_Bd_r01_2019_03_04_L001-L004_merged	272	43	1	0	1
HAMBI_0018_chrm01_circ_457266	NP_Bd_r01_2019_03_04_L001-L004_merged	141	194	1	0	1
HAMBI_0018_chrm01_circ_52198	NP_Bd_r01_2019_03_04_L001-L004_merged	352	1	1	0	1
HAMBI_0018_chrm01_circ_547794	NP_Bd_r01_2019_03_04_L001-L004_merged	275	27	1	0	1
HAMBI_0018_chrm01_circ_57786	NP_Bd_r01_2019_03_04_L001-L004_merged	349	1	1	0	1
HAMBI_0018_chrm01_circ_81966	NP_Bd_r01_2019_03_04_L001-L004_merged	156	242	1	0	1
HAMBI_0018_chrm01_circ_899239	NP_Bd_r01_2019_03_04_L001-L004_merged	215	65	1	0	1
HAMBI_0018_chrm01_circ_900190	NP_Bd_r01_2019_03_04_L001-L004_merged	216	33	1	0	1
HAMBI_0018_chrm01_circ_982309	NP_Bd_r01_2019_03_04_L001-L004_merged	291	42	1	0	1
